,state,resid,resname,nucleus,cs,assigned,actual
1,1,1,GUA,C2',75,80.3,96.868
2,1,1,GUA,C3',74.2,84.5,92.199
3,1,1,GUA,C4',83.7,100.9,101.75
4,1,1,GUA,C5',67.7,76,83.995
5,1,1,GUA,C8,139,149.7,150.384
6,1,1,GUA,H1,13.01,11.26,11.257
7,1,1,GUA,H1',5.86,6.14,6.002
8,1,1,GUA,H2',4.98,4.85,4.877
9,1,1,GUA,H3',4.46,5.19,5.039
10,1,1,GUA,H4',4.6,4.59,4.498
11,1,1,GUA,H5',4.43,4.33,4.333
12,1,1,GUA,H5'',4.33,4.06,4.071
13,1,1,GUA,H8,8.17,7.9,8.046
14,1,1,GUA,N1,148.6,151.8,152.248
15,1,2,GUA,C1',93,141,120.403
16,1,2,GUA,C2',75.5,89.3,97.213
17,1,2,GUA,C3',73.4,75.8,93.661
18,1,2,GUA,C4',82.7,102.8,103.46
19,1,2,GUA,C5',66.5,77.4,83.518
20,1,2,GUA,C8,137,148.6,149.335
21,1,2,GUA,H1,13.41,12.66,11.872
22,1,2,GUA,H1',5.95,5.86,6.009
23,1,2,GUA,H2',4.59,4.42,4.351
24,1,2,GUA,H3',4.65,5.23,4.915
25,1,2,GUA,H4',4.6,4.36,4.314
26,1,2,GUA,H5',4.54,4.49,4.346
27,1,2,GUA,H5'',4.36,3.83,3.796
28,1,2,GUA,H8,7.72,7.69,7.684
29,1,2,GUA,N1,149.7,153.7,154.089
30,1,3,CYT,C1',93.8,139.4,121.222
31,1,3,CYT,C2',75.3,98.9,99.254
32,1,3,CYT,C3',72.1,95.1,94.913
33,1,3,CYT,C4',81.8,75.7,103.302
34,1,3,CYT,C5,97.6,142.9,112.384
35,1,3,CYT,C5',64.2,76.7,85.516
36,1,3,CYT,C6,140.8,156.1,156.115
37,1,3,CYT,H1',5.57,6.02,6.097
38,1,3,CYT,H2',4.59,4.39,4.252
39,1,3,CYT,H3',4.48,4.72,4.733
40,1,3,CYT,H4',4.49,4.46,4.446
41,1,3,CYT,H5,5.34,4.47,4.312
42,1,3,CYT,H5',4.55,4.17,4.058
43,1,3,CYT,H5'',4.08,3.8,3.764
44,1,3,CYT,H6,7.75,7.85,7.822
45,1,4,ADE,C1',93,141.6,119.451
46,1,4,ADE,C2,153.1,168,168.3
47,1,4,ADE,C2',75.8,97.6,97.877
48,1,4,ADE,C3',72.9,94.5,95.166
49,1,4,ADE,C4',81.9,94.1,103.174
50,1,4,ADE,C5',65.2,77.8,86.212
51,1,4,ADE,C8,139.4,153.4,153.821
52,1,4,ADE,H1',6.01,6.4,6.454
53,1,4,ADE,H2,7.46,8.17,8.27
54,1,4,ADE,H2',4.65,4.6,4.769
55,1,4,ADE,H3',4.67,4.98,4.888
56,1,4,ADE,H4',4.54,4.44,4.41
57,1,4,ADE,H5',4.6,4.51,4.053
58,1,4,ADE,H5'',4.19,4.06,4.025
59,1,4,ADE,H8,8.11,8.48,8.434
60,1,5,CYT,C1',93.8,140.3,120.645
61,1,5,CYT,C2',75.6,81.8,98.065
62,1,5,CYT,C3',72.1,77.7,94.383
63,1,5,CYT,C4',81.9,93.3,102.333
64,1,5,CYT,C5,97.4,144.4,111.61
65,1,5,CYT,C5',65,75.9,83.981
66,1,5,CYT,C6,140.3,155.1,155.036
67,1,5,CYT,H1',5.38,5.69,5.802
68,1,5,CYT,H2',4.39,4.27,4.194
69,1,5,CYT,H3',4.17,4.43,4.349
70,1,5,CYT,H4',4.43,4.14,4.152
71,1,5,CYT,H5,5.23,4.6,4.787
72,1,5,CYT,H5',4.47,4.51,3.996
73,1,5,CYT,H5'',4.06,4.06,3.965
74,1,5,CYT,H6,7.31,7.69,7.572
75,1,6,URA,C1',94.5,118.7,119.029
76,1,6,URA,C2',76,81.9,96.717
77,1,6,URA,C3',73.1,90.9,92.441
78,1,6,URA,C4',82.4,83.4,101.572
79,1,6,URA,C5,105.1,136.2,123.349
80,1,6,URA,C5',64.6,75.6,83.009
81,1,6,URA,C6,140.6,157.1,156.725
82,1,6,URA,H1',5.67,5.89,5.962
83,1,6,URA,H2',3.8,4.56,3.88
84,1,6,URA,H3,11.83,7.18,7.428
85,1,6,URA,H3',4.56,4.67,4.612
86,1,6,URA,H4',4.39,4.59,4.519
87,1,6,URA,H5,5.69,5.34,5.463
88,1,6,URA,H5',4.53,4.17,4.209
89,1,6,URA,H5'',4.17,4.56,3.799
90,1,6,URA,H6,7.77,8.33,8.228
91,1,6,URA,N3,161,172.9,178.748
92,1,7,URA,C1',89.3,118.8,116.105
93,1,7,URA,C2',74.7,81.9,98.109
94,1,7,URA,C3',77.7,75.5,94.733
95,1,7,URA,C4',87,105.5,108.419
96,1,7,URA,C5,105.5,140.6,122.408
97,1,7,URA,C5',67.8,86.1,87.209
98,1,7,URA,C6,144.7,159.9,159.939
99,1,7,URA,H1',6.14,6.69,6.564
100,1,7,URA,H2',4.7,4.61,4.652
101,1,7,URA,H3,11.26,8.67,7.738
102,1,7,URA,H3',4.39,4.07,4.137
103,1,7,URA,H4',4.51,4.7,4.735
104,1,7,URA,H5,5.89,5.79,5.759
105,1,7,URA,H5',4.27,4.28,4.176
106,1,7,URA,H5'',4.07,4.09,3.942
107,1,7,URA,H6,8.05,8.59,8.568
108,1,7,URA,N3,159.5,172.2,174.369
109,1,8,CYT,C1',89.1,141.7,113.291
110,1,8,CYT,C2',77.7,100.6,101.161
111,1,8,CYT,C3',80.3,99.7,100.368
112,1,8,CYT,C4',84.5,92.9,101.704
113,1,8,CYT,C5,98.6,105.1,109.556
114,1,8,CYT,C5',67.3,77.7,85.936
115,1,8,CYT,C6,142.8,158.3,158.471
116,1,8,CYT,H1',5.99,6.48,6.421
117,1,8,CYT,H2',4.14,4.19,4.191
118,1,8,CYT,H3',4.51,4.62,4.585
119,1,8,CYT,H4',3.83,4.21,4.248
120,1,8,CYT,H5,6.14,6,6.032
121,1,8,CYT,H5',3.65,2.73,2.532
122,1,8,CYT,H5'',2.73,3.65,3.329
123,1,8,CYT,H6,7.72,8.15,8.163
124,1,9,GUA,C1',94.5,118.9,118.422
125,1,9,GUA,C2',77.4,93.8,96.45
126,1,9,GUA,C3',75.9,94.5,95.224
127,1,9,GUA,C4',83.2,83.1,100.008
128,1,9,GUA,C5',69,87,87.899
129,1,9,GUA,C8,142.9,151.9,150.784
130,1,9,GUA,H1,9.96,8.78,8.823
131,1,9,GUA,H1',6,6.14,6.048
132,1,9,GUA,H2',4.85,5.51,5.492
133,1,9,GUA,H3',5.67,5.38,5.441
134,1,9,GUA,H4',4.45,4.39,4.416
135,1,9,GUA,H5',4.44,4.53,4.026
136,1,9,GUA,H5'',4.23,4.53,3.979
137,1,9,GUA,H8,7.9,7.31,7.604
138,1,9,GUA,N1,144.4,149.1,149.907
139,1,10,GUA,C1',93.3,119,117.526
140,1,10,GUA,C2',75.1,81.9,97.544
141,1,10,GUA,C3',74.6,82.4,98.922
142,1,10,GUA,C4',83.1,98.4,99.056
143,1,10,GUA,C5',69.8,75.4,83.148
144,1,10,GUA,C8,139,149.3,150.636
145,1,10,GUA,H1,13.52,11.83,11.709
146,1,10,GUA,H1',4.47,5.57,5.65
147,1,10,GUA,H2',4.47,4.43,4.335
148,1,10,GUA,H3',4.29,4.65,4.758
149,1,10,GUA,H4',4.42,4.23,4.212
150,1,10,GUA,H5',4.23,4.45,4.298
151,1,10,GUA,H5'',4.53,4.09,3.959
152,1,10,GUA,H8,8.35,8.35,8.128
153,1,10,GUA,N1,149.3,151.9,151.839
154,1,11,URA,C1',93.8,137,120.35
155,1,11,URA,C2',75.4,97.4,97.947
156,1,11,URA,C3',72.2,89.1,92.107
157,1,11,URA,C4',81.9,75.3,103.45
158,1,11,URA,C5,102.8,139,121.018
159,1,11,URA,C5',64,81.9,82.848
160,1,11,URA,C6,141.6,156.4,156.321
161,1,11,URA,H1',5.59,6.01,6.022
162,1,11,URA,H2',4.72,4.47,4.353
163,1,11,URA,H3,13.8,13.8,12.877
164,1,11,URA,H3',4.61,4.65,4.826
165,1,11,URA,H4',4.43,4.39,4.352
166,1,11,URA,H5,5.19,4.6,4.846
167,1,11,URA,H5',4.51,4.51,4.374
168,1,11,URA,H5'',4.09,4.54,3.895
169,1,11,URA,H6,7.85,8.05,8.05
170,1,11,URA,N3,163.6,171.7,178.085
171,1,12,GUA,C1',92.9,119.3,118.758
172,1,12,GUA,C2',75.5,93,97.413
173,1,12,GUA,C3',72.9,83.7,93.338
174,1,12,GUA,C4',81.9,93.8,103.128
175,1,12,GUA,C5',65.5,82.7,84.501
176,1,12,GUA,C8,136.2,147.3,148.503
177,1,12,GUA,H1,12.66,13.01,12.684
178,1,12,GUA,H1',5.87,5.99,6.026
179,1,12,GUA,H2',4.6,4.55,4.509
180,1,12,GUA,H3',4.62,4.6,4.871
181,1,12,GUA,H4',4.6,4.23,4.252
182,1,12,GUA,H5',4.56,4.17,4.108
183,1,12,GUA,H5'',4.17,4.54,3.892
184,1,12,GUA,H8,7.79,7.77,7.858
185,1,12,GUA,N1,149.1,153.1,153.257
186,1,13,CYT,C1',94.1,140.8,122.409
187,1,13,CYT,C2',75.7,97.2,97.886
188,1,13,CYT,C3',72.1,93.8,94.712
189,1,13,CYT,C4',81.9,75.5,103.326
190,1,13,CYT,C5,97.2,142.8,112.253
191,1,13,CYT,C5',64.5,83.2,83.548
192,1,13,CYT,C6,141,155.6,155.133
193,1,13,CYT,H1',5.51,5.87,5.914
194,1,13,CYT,H2',4.28,4.19,4.231
195,1,13,CYT,H3',4.45,4.43,4.392
196,1,13,CYT,H4',4.17,4.17,4.197
197,1,13,CYT,H5,5.3,4.6,4.899
198,1,13,CYT,H5',4.59,4.47,4.382
199,1,13,CYT,H5'',4.09,4.59,3.723
200,1,13,CYT,H6,7.69,7.46,7.485
201,1,14,CYT,C1',93,139,121.234
202,1,14,CYT,C2',77.8,93,102.385
203,1,14,CYT,C3',69.7,98.6,99.253
204,1,14,CYT,C4',83.4,93,101.666
205,1,14,CYT,C5,98.4,109.8,110.696
206,1,14,CYT,C5',65.1,81.9,84.946
207,1,14,CYT,C6,141.7,158.7,158.955
208,1,14,CYT,H1',5.79,6.75,6.654
209,1,14,CYT,H2',4.06,4.08,4.021
210,1,14,CYT,H3',4.21,4.45,4.255
211,1,14,CYT,H4',4.19,4.29,4.295
212,1,14,CYT,H5,5.57,5.3,5.145
213,1,14,CYT,H5',4.51,4.51,4.228
214,1,14,CYT,H5'',4.06,4.48,4.208
215,1,14,CYT,H6,7.69,8.11,8.03
216,2,1,GUA,C1',90.9,141,119.516
217,2,1,GUA,C2',75,95.1,96.354
218,2,1,GUA,C3',74.2,83.4,91.897
219,2,1,GUA,C4',83.7,100.9,101.925
220,2,1,GUA,C5',67.7,75.8,84.079
221,2,1,GUA,C8,139,153.1,152.584
222,2,1,GUA,H1,13.01,11.83,11.799
223,2,1,GUA,H1',5.86,6.14,5.929
224,2,1,GUA,H2',4.98,4.98,4.991
225,2,1,GUA,H3',4.46,5.19,5.02
226,2,1,GUA,H4',4.6,4.56,4.544
227,2,1,GUA,H5',4.43,4.21,4.172
228,2,1,GUA,H5'',4.33,4.06,3.989
229,2,1,GUA,H8,8.17,7.72,7.824
230,2,1,GUA,N1,148.6,152.7,152.701
231,2,2,GUA,C1',93,118.7,117.821
232,2,2,GUA,C2',75.5,89.3,97.194
233,2,2,GUA,C3',73.4,83.2,91.778
234,2,2,GUA,C4',82.7,93,101.967
235,2,2,GUA,C5',66.5,75.6,82.783
236,2,2,GUA,C8,137,148.6,148.132
237,2,2,GUA,H1,13.41,12.66,12.029
238,2,2,GUA,H1',5.95,5.89,5.941
239,2,2,GUA,H2',4.59,4.61,4.607
240,2,2,GUA,H3',4.65,5.23,5.055
241,2,2,GUA,H4',4.6,4.51,4.581
242,2,2,GUA,H5',4.54,4.39,4.399
243,2,2,GUA,H5'',4.36,3.8,3.758
244,2,2,GUA,H8,7.72,7.69,7.631
245,2,2,GUA,N1,149.7,153.7,155.602
246,2,3,CYT,C1',93.8,136.2,119.678
247,2,3,CYT,C2',75.3,80.3,96.833
248,2,3,CYT,C3',72.1,83.7,92.051
249,2,3,CYT,C4',81.8,102.8,102.326
250,2,3,CYT,C5,97.6,109.8,111.014
251,2,3,CYT,C5',64.2,75.5,82.37
252,2,3,CYT,C6,140.8,156.1,155.689
253,2,3,CYT,H1',5.57,5.69,5.683
254,2,3,CYT,H2',4.59,4.72,4.686
255,2,3,CYT,H3',4.48,4.85,4.864
256,2,3,CYT,H4',4.49,4.44,4.398
257,2,3,CYT,H5,5.34,4.67,4.566
258,2,3,CYT,H5',4.55,4.36,4.306
259,2,3,CYT,H5'',4.08,4.17,3.888
260,2,3,CYT,H6,7.75,7.9,7.879
261,2,4,ADE,C1',93,118.8,117.763
262,2,4,ADE,C2,153.1,168,167.768
263,2,4,ADE,C2',75.8,93.8,96.796
264,2,4,ADE,C3',72.9,84.5,91.67
265,2,4,ADE,C4',81.9,100.6,101.481
266,2,4,ADE,C5',65.2,76,83.96
267,2,4,ADE,C8,139.4,151.8,151.5
268,2,4,ADE,H1',6.01,6.4,6.214
269,2,4,ADE,H2,7.46,7.31,7.576
270,2,4,ADE,H2',4.65,4.65,4.676
271,2,4,ADE,H3',4.67,5.34,5.065
272,2,4,ADE,H4',4.54,4.62,4.581
273,2,4,ADE,H5',4.6,4.53,4.235
274,2,4,ADE,H5'',4.19,4.06,3.876
275,2,4,ADE,H8,8.11,8.48,8.379
276,2,5,CYT,C1',93.8,118.9,118.86
277,2,5,CYT,C2',75.6,81.8,97.303
278,2,5,CYT,C3',72.1,77.7,91.184
279,2,5,CYT,C4',81.9,92.9,101.817
280,2,5,CYT,C5,97.4,144.7,112.148
281,2,5,CYT,C5',65,77.7,82.095
282,2,5,CYT,C6,140.3,155.1,155.63
283,2,5,CYT,H1',5.38,5.95,5.992
284,2,5,CYT,H2',4.39,4.59,4.899
285,2,5,CYT,H3',4.17,4.56,4.522
286,2,5,CYT,H4',4.43,4.42,4.375
287,2,5,CYT,H5,5.23,4.27,4.243
288,2,5,CYT,H5',4.47,4.54,4.371
289,2,5,CYT,H5'',4.06,3.83,3.806
290,2,5,CYT,H6,7.31,7.46,7.587
291,2,6,URA,C1',94.5,141.6,119.953
292,2,6,URA,C2',76,97.6,97.408
293,2,6,URA,C3',73.1,83.1,92.711
294,2,6,URA,C4',82.4,75.5,101.94
295,2,6,URA,C5,105.1,139.4,122.646
296,2,6,URA,C5',64.6,77.4,82.904
297,2,6,URA,C6,140.6,158.3,157.223
298,2,6,URA,H1',5.67,6.02,6.019
299,2,6,URA,H2',3.8,4.39,4.251
300,2,6,URA,H3,11.83,6.69,7.013
301,2,6,URA,H3',4.56,4.53,4.472
302,2,6,URA,H4',4.39,4.33,4.303
303,2,6,URA,H5,5.69,5.38,5.062
304,2,6,URA,H5',4.53,4.06,4.116
305,2,6,URA,H5'',4.17,3.65,3.745
306,2,6,URA,H6,7.77,8.05,7.994
307,2,6,URA,N3,161,172.9,178.471
308,2,7,URA,C1',89.3,119.3,119.239
309,2,7,URA,C2',74.7,98.9,99.354
310,2,7,URA,C3',77.7,82.7,97.225
311,2,7,URA,C4',87,98.6,100.454
312,2,7,URA,C5,105.5,139,121.326
313,2,7,URA,C5',67.8,75.9,84.668
314,2,7,URA,C6,144.7,157.1,157.245
315,2,7,URA,H1',6.14,6.14,6.216
316,2,7,URA,H2',4.7,4.7,4.635
317,2,7,URA,H3,11.26,8.78,7.513
318,2,7,URA,H3',4.39,4.45,4.333
319,2,7,URA,H4',4.51,4.45,4.435
320,2,7,URA,H5,5.89,5.51,5.221
321,2,7,URA,H5',4.27,4.28,4.201
322,2,7,URA,H5'',4.07,4.14,4.085
323,2,7,URA,H6,8.05,8.11,7.998
324,2,7,URA,N3,159.5,172.2,173.404
325,2,8,CYT,C1',89.1,140.3,122.541
326,2,8,CYT,C2',77.7,97.4,97.442
327,2,8,CYT,C3',80.3,94.5,95.625
328,2,8,CYT,C4',84.5,93,101.999
329,2,8,CYT,C5,98.6,105.5,108.101
330,2,8,CYT,C5',67.3,81.9,82.298
331,2,8,CYT,C6,142.8,161,161.325
332,2,8,CYT,H1',5.99,5.67,5.715
333,2,8,CYT,H2',4.14,4.65,4.569
334,2,8,CYT,H3',4.51,4.39,4.294
335,2,8,CYT,H4',3.83,4.17,4.256
336,2,8,CYT,H5,6.14,5.57,5.389
337,2,8,CYT,H5',3.65,4.23,3.899
338,2,8,CYT,H5'',2.73,4.07,4.044
339,2,8,CYT,H6,7.72,8.33,8.216
340,2,9,GUA,C1',94.5,119,116.907
341,2,9,GUA,C2',77.4,99.7,100.088
342,2,9,GUA,C3',75.9,90.9,92.493
343,2,9,GUA,C4',83.2,105.1,103.452
344,2,9,GUA,C5',69,81.9,82.866
345,2,9,GUA,C8,142.9,151.9,151.787
346,2,9,GUA,H1,9.96,7.18,7.212
347,2,9,GUA,H1',6,6.48,6.296
348,2,9,GUA,H2',4.85,4.43,4.455
349,2,9,GUA,H3',5.67,5.3,5.223
350,2,9,GUA,H4',4.45,4.43,4.415
351,2,9,GUA,H5',4.44,4.09,3.964
352,2,9,GUA,H5'',4.23,4.19,4.218
353,2,9,GUA,H8,7.9,7.85,7.977
354,2,9,GUA,N1,144.4,149.7,151.298
355,2,10,GUA,C1',93.3,139,121.374
356,2,10,GUA,C2',75.1,94.5,96.033
357,2,10,GUA,C3',74.6,94.1,97.738
358,2,10,GUA,C4',83.1,75.4,101.675
359,2,10,GUA,C5',69.8,77.8,82.393
360,2,10,GUA,C8,139,149.3,150.351
361,2,10,GUA,H1,13.52,13.01,12.376
362,2,10,GUA,H1',4.47,5.79,5.739
363,2,10,GUA,H2',4.47,4.6,4.668
364,2,10,GUA,H3',4.29,4.49,4.419
365,2,10,GUA,H4',4.42,2.73,3.678
366,2,10,GUA,H5',4.23,4.17,3.874
367,2,10,GUA,H5'',4.53,4.51,3.797
368,2,10,GUA,H8,8.35,8.35,8.192
369,2,10,GUA,N1,149.3,156.3,155.558
370,2,11,URA,C1',93.8,141.7,119.144
371,2,11,URA,C2',75.4,93.8,96.502
372,2,11,URA,C3',72.2,87,91.367
373,2,11,URA,C4',81.9,82.4,101.745
374,2,11,URA,C5,102.8,137,120.148
375,2,11,URA,C5',64,81.9,83.116
376,2,11,URA,C6,141.6,157.1,156.724
377,2,11,URA,H1',5.59,5.87,5.818
378,2,11,URA,H2',4.72,4.6,4.782
379,2,11,URA,H3,13.8,13.8,12.714
380,2,11,URA,H3',4.61,4.59,4.923
381,2,11,URA,H4',4.43,4.47,4.413
382,2,11,URA,H5,5.19,4.6,4.795
383,2,11,URA,H5',4.51,4.17,4.259
384,2,11,URA,H5'',4.09,4.54,3.774
385,2,11,URA,H6,7.85,8.15,8.105
386,2,11,URA,N3,163.6,171.7,181.553
387,2,12,GUA,C1',92.9,142.8,116.639
388,2,12,GUA,C2',75.5,93.8,97.085
389,2,12,GUA,C3',72.9,89.1,91.585
390,2,12,GUA,C4',81.9,93.3,101.785
391,2,12,GUA,C5',65.5,75.7,83.345
392,2,12,GUA,C8,136.2,147.3,147.5
393,2,12,GUA,H1,12.66,11.26,11.819
394,2,12,GUA,H1',5.87,5.99,6.145
395,2,12,GUA,H2',4.6,4.6,4.78
396,2,12,GUA,H3',4.62,5.57,4.97
397,2,12,GUA,H4',4.6,4.51,4.457
398,2,12,GUA,H5',4.56,4.29,4.277
399,2,12,GUA,H5'',4.17,4.19,3.89
400,2,12,GUA,H8,7.79,7.79,7.953
401,2,12,GUA,N1,149.1,156.1,155.388
402,2,13,CYT,C1',94.1,140.8,119.434
403,2,13,CYT,C2',75.7,97.2,97.483
404,2,13,CYT,C3',72.1,86.1,91.543
405,2,13,CYT,C4',81.9,98.4,101.238
406,2,13,CYT,C5,97.2,144.4,112.356
407,2,13,CYT,C5',64.5,81.9,82.185
408,2,13,CYT,C6,141,153.4,154.416
409,2,13,CYT,H1',5.51,5.86,5.792
410,2,13,CYT,H2',4.28,4.55,4.505
411,2,13,CYT,H3',4.45,4.48,4.459
412,2,13,CYT,H4',4.17,4.43,4.367
413,2,13,CYT,H5,5.3,4.59,4.59
414,2,13,CYT,H5',4.59,4.23,4.334
415,2,13,CYT,H5'',4.09,4.51,3.775
416,2,13,CYT,H6,7.69,7.69,7.588
417,2,14,CYT,C1',93,140.6,119.685
418,2,14,CYT,C2',77.8,93,102.038
419,2,14,CYT,C3',69.7,76.7,92.353
420,2,14,CYT,C4',83.4,75.3,102.42
421,2,14,CYT,C5,98.4,142.9,113.072
422,2,14,CYT,C5',65.1,81.9,82.919
423,2,14,CYT,C6,141.7,155.6,155.83
424,2,14,CYT,H1',5.79,6.01,6.084
425,2,14,CYT,H2',4.06,4.08,4.074
426,2,14,CYT,H3',4.21,4.6,4.617
427,2,14,CYT,H4',4.19,4.46,4.41
428,2,14,CYT,H5,5.57,5.59,4.951
429,2,14,CYT,H5',4.51,4.47,4.405
430,2,14,CYT,H5'',4.06,4.09,3.911
431,2,14,CYT,H6,7.69,7.77,7.943
432,3,1,GUA,C1',90.9,141,119.207
433,3,1,GUA,C2',75,89.1,97.259
434,3,1,GUA,C3',74.2,76.7,91.325
435,3,1,GUA,C4',83.7,100.9,101.867
436,3,1,GUA,C5',67.7,76,85.076
437,3,1,GUA,C8,139,151.8,151.483
438,3,1,GUA,H1,13.01,11.26,11.568
439,3,1,GUA,H1',5.86,6.02,5.976
440,3,1,GUA,H2',4.98,5.19,4.995
441,3,1,GUA,H3',4.46,5.34,5.177
442,3,1,GUA,H4',4.6,4.59,4.587
443,3,1,GUA,H5',4.43,4.27,4.233
444,3,1,GUA,H5'',4.33,4.06,4.049
445,3,1,GUA,H8,8.17,8.05,8.007
446,3,1,GUA,N1,148.6,153.1,152.377
447,3,2,GUA,C1',93,118.7,117.609
448,3,2,GUA,C2',75.5,80.3,96.912
449,3,2,GUA,C3',73.4,83.2,91.864
450,3,2,GUA,C4',82.7,75.3,102.131
451,3,2,GUA,C5',66.5,75.6,83.193
452,3,2,GUA,C8,137,148.1,148.233
453,3,2,GUA,H1,13.41,12.66,12.142
454,3,2,GUA,H1',5.95,6.14,6.024
455,3,2,GUA,H2',4.59,4.72,4.62
456,3,2,GUA,H3',4.65,4.98,4.966
457,3,2,GUA,H4',4.6,4.51,4.43
458,3,2,GUA,H5',4.54,4.33,4.358
459,3,2,GUA,H5'',4.36,3.8,3.812
460,3,2,GUA,H8,7.72,7.72,7.626
461,3,2,GUA,N1,149.7,157.1,156.293
462,3,3,CYT,C1',93.8,118.8,118.927
463,3,3,CYT,C2',75.3,81.9,97.024
464,3,3,CYT,C3',72.1,77.7,90.868
465,3,3,CYT,C4',81.8,100.6,101.736
466,3,3,CYT,C5,97.6,109.8,111.451
467,3,3,CYT,C5',64.2,75.9,82.498
468,3,3,CYT,C6,140.8,155.1,154.776
469,3,3,CYT,H1',5.57,5.79,5.76
470,3,3,CYT,H2',4.59,4.6,4.634
471,3,3,CYT,H3',4.48,4.85,4.872
472,3,3,CYT,H4',4.49,4.42,4.361
473,3,3,CYT,H5,5.34,4.53,4.562
474,3,3,CYT,H5',4.55,4.29,4.302
475,3,3,CYT,H5'',4.08,4.59,3.886
476,3,3,CYT,H6,7.75,7.69,7.725
477,3,4,ADE,C1',93,118.9,117.761
478,3,4,ADE,C2,153.1,168,167.557
479,3,4,ADE,C2',75.8,97.6,97.835
480,3,4,ADE,C3',72.9,77.4,92.386
481,3,4,ADE,C4',81.9,93,102.115
482,3,4,ADE,C5',65.2,75.4,83.115
483,3,4,ADE,C8,139.4,151.9,151.138
484,3,4,ADE,H1',6.01,6.4,6.295
485,3,4,ADE,H2,7.46,7.18,7.561
486,3,4,ADE,H2',4.65,4.54,4.471
487,3,4,ADE,H3',4.67,5.23,5.079
488,3,4,ADE,H4',4.54,4.39,4.397
489,3,4,ADE,H5',4.6,4.53,4.346
490,3,4,ADE,H5'',4.19,4.09,3.908
491,3,4,ADE,H8,8.11,8.48,8.373
492,3,5,CYT,C1',93.8,139.4,120.571
493,3,5,CYT,C2',75.6,81.8,98.597
494,3,5,CYT,C3',72.1,82.7,99.941
495,3,5,CYT,C4',81.9,81.9,98.299
496,3,5,CYT,C5,97.4,105.5,111.629
497,3,5,CYT,C5',65,75.5,82.666
498,3,5,CYT,C6,140.3,158.3,157.607
499,3,5,CYT,H1',5.38,5.89,5.83
500,3,5,CYT,H2',4.39,4.06,3.98
501,3,5,CYT,H3',4.17,4.43,4.368
502,3,5,CYT,H4',4.43,4.45,4.375
503,3,5,CYT,H5,5.23,4.47,4.35
504,3,5,CYT,H5',4.47,4.14,4.03
505,3,5,CYT,H5'',4.06,4.65,4.651
506,3,5,CYT,H6,7.31,7.85,7.811
507,3,6,URA,C1',94.5,140.8,119.222
508,3,6,URA,C2',76,98.6,98.995
509,3,6,URA,C3',73.1,84.5,94.252
510,3,6,URA,C4',82.4,99.7,100.812
511,3,6,URA,C5,105.1,136.2,125.261
512,3,6,URA,C5',64.6,75.5,82.875
513,3,6,URA,C6,140.6,153.7,154.368
514,3,6,URA,H1',5.67,6.01,5.978
515,3,6,URA,H2',3.8,4.62,4.568
516,3,6,URA,H3,11.83,13.41,12.316
517,3,6,URA,H3',4.56,4.17,4.162
518,3,6,URA,H4',4.39,4.36,4.389
519,3,6,URA,H5,5.69,5.3,5.152
520,3,6,URA,H5',4.53,4.51,4.411
521,3,6,URA,H5'',4.17,3.83,3.851
522,3,6,URA,H6,7.77,8.17,8.162
523,3,6,URA,N3,161,172.9,181.102
524,3,7,URA,C1',89.3,140.6,123.053
525,3,7,URA,C2',74.7,97.2,98.098
526,3,7,URA,C3',77.7,83.7,100.829
527,3,7,URA,C4',87,81.9,98.137
528,3,7,URA,C5,105.5,140.3,122.095
529,3,7,URA,C5',67.8,77.8,87.286
530,3,7,URA,C6,144.7,161,160.388
531,3,7,URA,H1',6.14,5.67,5.595
532,3,7,URA,H2',4.7,4.6,4.873
533,3,7,URA,H3,11.26,8.78,7.572
534,3,7,URA,H3',4.39,4.39,4.418
535,3,7,URA,H4',4.51,4.39,4.357
536,3,7,URA,H5,5.89,5.57,5.294
537,3,7,URA,H5',4.27,4.43,4.35
538,3,7,URA,H5'',4.07,4.51,4.426
539,3,7,URA,H6,8.05,8.59,8.592
540,3,7,URA,N3,159.5,172.2,176.613
541,3,8,CYT,C1',89.1,139,124.365
542,3,8,CYT,C2',77.7,97.4,97.854
543,3,8,CYT,C3',80.3,95.1,96.335
544,3,8,CYT,C4',84.5,105.1,104.839
545,3,8,CYT,C5,98.6,144.7,111.749
546,3,8,CYT,C5',67.3,82.4,82.765
547,3,8,CYT,C6,142.8,157.1,157.407
548,3,8,CYT,H1',5.99,5.57,5.532
549,3,8,CYT,H2',4.14,4.06,3.925
550,3,8,CYT,H3',4.51,2.73,3.531
551,3,8,CYT,H4',3.83,4.07,4.06
552,3,8,CYT,H5,6.14,5.51,5.431
553,3,8,CYT,H5',3.65,4.59,3.79
554,3,8,CYT,H5'',2.73,4.46,4.403
555,3,8,CYT,H6,7.72,7.46,7.566
556,3,9,GUA,C1',94.5,142.9,112.526
557,3,9,GUA,C2',77.4,98.4,98.352
558,3,9,GUA,C3',75.9,94.1,94.345
559,3,9,GUA,C4',83.2,98.9,100.145
560,3,9,GUA,C5',69,77.7,85.71
561,3,9,GUA,C8,142.9,158.7,158.907
562,3,9,GUA,H1,9.96,9.96,10.959
563,3,9,GUA,H1',6,5.95,5.977
564,3,9,GUA,H2',4.85,4.6,4.818
565,3,9,GUA,H3',5.67,5.38,5.324
566,3,9,GUA,H4',4.45,4.43,4.379
567,3,9,GUA,H5',4.44,3.65,3.718
568,3,9,GUA,H5'',4.23,4.56,3.657
569,3,9,GUA,H8,7.9,7.69,7.714
570,3,9,GUA,N1,144.4,147.3,147.384
571,3,10,GUA,C1',93.3,119,116.327
572,3,10,GUA,C2',75.1,94.5,94.927
573,3,10,GUA,C3',74.6,94.5,96.035
574,3,10,GUA,C4',83.1,93.8,96.816
575,3,10,GUA,C5',69.8,87,89.348
576,3,10,GUA,C8,139,149.7,149.789
577,3,10,GUA,H1,13.52,13.01,12.32
578,3,10,GUA,H1',4.47,4.08,3.931
579,3,10,GUA,H2',4.47,4.28,4.226
580,3,10,GUA,H3',4.29,4.48,4.467
581,3,10,GUA,H4',4.42,4.17,4.186
582,3,10,GUA,H5',4.23,4.47,4.41
583,3,10,GUA,H5'',4.53,4.19,4.097
584,3,10,GUA,H8,8.35,7.31,7.477
585,3,10,GUA,N1,149.3,155.6,155.588
586,3,11,URA,C1',93.8,119.3,118.737
587,3,11,URA,C2',75.4,93.8,97.152
588,3,11,URA,C3',72.2,86.1,91.126
589,3,11,URA,C4',81.9,83.4,101.674
590,3,11,URA,C5,102.8,139,121.242
591,3,11,URA,C5',64,75.7,83.646
592,3,11,URA,C6,141.6,156.1,156.199
593,3,11,URA,H1',5.59,5.86,5.835
594,3,11,URA,H2',4.72,4.7,4.721
595,3,11,URA,H3,13.8,13.8,12.69
596,3,11,URA,H3',4.61,4.6,4.944
597,3,11,URA,H4',4.43,4.49,4.437
598,3,11,URA,H5,5.19,4.67,4.749
599,3,11,URA,H5',4.51,4.19,4.196
600,3,11,URA,H5'',4.09,4.54,3.813
601,3,11,URA,H6,7.85,8.11,8.151
602,3,11,URA,N3,163.6,171.7,180.936
603,3,12,GUA,C1',92.9,141.6,117.395
604,3,12,GUA,C2',75.5,93.8,97.281
605,3,12,GUA,C3',72.9,90.9,91.749
606,3,12,GUA,C4',81.9,102.8,103.066
607,3,12,GUA,C5',65.5,75.8,83.706
608,3,12,GUA,C8,136.2,145.1,146.909
609,3,12,GUA,H1,12.66,11.83,11.687
610,3,12,GUA,H1',5.87,6.48,6.187
611,3,12,GUA,H2',4.6,4.61,4.53
612,3,12,GUA,H3',4.62,5.59,4.989
613,3,12,GUA,H4',4.6,4.44,4.395
614,3,12,GUA,H5',4.56,4.21,4.221
615,3,12,GUA,H5'',4.17,4.56,3.874
616,3,12,GUA,H8,7.79,8.15,7.948
617,3,12,GUA,N1,149.1,156.1,155.236
618,3,13,CYT,C1',94.1,137,120.416
619,3,13,CYT,C2',75.7,93,98.32
620,3,13,CYT,C3',72.1,89.3,91.582
621,3,13,CYT,C4',81.9,93,102.336
622,3,13,CYT,C5,97.2,144.4,111.676
623,3,13,CYT,C5',64.5,81.9,83.823
624,3,13,CYT,C6,141,153.4,154.131
625,3,13,CYT,H1',5.51,5.99,5.899
626,3,13,CYT,H2',4.28,4.23,4.294
627,3,13,CYT,H3',4.45,4.65,4.602
628,3,13,CYT,H4',4.17,4.47,4.352
629,3,13,CYT,H5,5.3,4.51,4.409
630,3,13,CYT,H5',4.59,4.17,4.248
631,3,13,CYT,H5'',4.09,4.6,3.759
632,3,13,CYT,H6,7.69,7.77,7.782
633,3,14,CYT,C1',93,141.7,118.692
634,3,14,CYT,C2',77.8,92.9,102.061
635,3,14,CYT,C3',69.7,83.1,92.465
636,3,14,CYT,C4',83.4,93.3,102.412
637,3,14,CYT,C5,98.4,142.8,112.948
638,3,14,CYT,C5',65.1,81.9,84.418
639,3,14,CYT,C6,141.7,157,157.038
640,3,14,CYT,H1',5.79,6.14,6.188
641,3,14,CYT,H2',4.06,4.23,4.123
642,3,14,CYT,H3',4.21,4.55,4.475
643,3,14,CYT,H4',4.19,4.45,4.36
644,3,14,CYT,H5,5.57,5.67,4.995
645,3,14,CYT,H5',4.51,4.17,4.223
646,3,14,CYT,H5'',4.06,4.09,3.918
647,3,14,CYT,H6,7.69,7.9,7.984
648,4,1,GUA,C1',90.9,137,119.669
649,4,1,GUA,C2',75,89.1,96.883
650,4,1,GUA,C3',74.2,82.7,91.279
651,4,1,GUA,C4',83.7,102.8,102.617
652,4,1,GUA,C5',67.7,76,84.495
653,4,1,GUA,C8,139,151.8,151.341
654,4,1,GUA,H1,13.01,11.26,11.553
655,4,1,GUA,H1',5.86,6.02,5.936
656,4,1,GUA,H2',4.98,4.98,4.926
657,4,1,GUA,H3',4.46,5.19,5.204
658,4,1,GUA,H4',4.6,4.51,4.564
659,4,1,GUA,H5',4.43,4.17,4.222
660,4,1,GUA,H5'',4.33,4.06,4.002
661,4,1,GUA,H8,8.17,8.33,8.12
662,4,1,GUA,N1,148.6,153.7,152.829
663,4,2,GUA,C1',93,118.7,118.08
664,4,2,GUA,C2',75.5,80.3,96.787
665,4,2,GUA,C3',73.4,83.1,91.998
666,4,2,GUA,C4',82.7,93.8,102.769
667,4,2,GUA,C5',66.5,75.9,82.433
668,4,2,GUA,C8,137,148.1,148.214
669,4,2,GUA,H1,13.41,12.66,11.976
670,4,2,GUA,H1',5.95,6.14,5.958
671,4,2,GUA,H2',4.59,4.56,4.575
672,4,2,GUA,H3',4.65,4.85,4.977
673,4,2,GUA,H4',4.6,4.36,4.333
674,4,2,GUA,H5',4.54,4.48,4.303
675,4,2,GUA,H5'',4.36,3.8,3.835
676,4,2,GUA,H8,7.72,7.69,7.662
677,4,2,GUA,N1,149.7,157.1,156.551
678,4,3,CYT,C1',93.8,141,119.908
679,4,3,CYT,C2',75.3,81.9,97.341
680,4,3,CYT,C3',72.1,83.2,91.343
681,4,3,CYT,C4',81.8,100.9,102.005
682,4,3,CYT,C5,97.6,109.8,111.51
683,4,3,CYT,C5',64.2,75.6,82.291
684,4,3,CYT,C6,140.8,155.6,155.453
685,4,3,CYT,H1',5.57,5.86,5.8
686,4,3,CYT,H2',4.59,4.72,4.673
687,4,3,CYT,H3',4.48,4.6,4.91
688,4,3,CYT,H4',4.49,4.53,4.449
689,4,3,CYT,H5,5.34,4.55,4.462
690,4,3,CYT,H5',4.55,4.45,4.348
691,4,3,CYT,H5'',4.08,3.83,3.843
692,4,3,CYT,H6,7.75,7.85,7.823
693,4,4,ADE,C1',93,118.8,117.105
694,4,4,ADE,C2,153.1,168,166.862
695,4,4,ADE,C2',75.8,97.6,98.103
696,4,4,ADE,C3',72.9,81.9,91.078
697,4,4,ADE,C4',81.9,93.3,101.886
698,4,4,ADE,C5',65.2,75.5,82.849
699,4,4,ADE,C8,139.4,151.9,152.222
700,4,4,ADE,H1',6.01,6.4,6.449
701,4,4,ADE,H2,7.46,8.05,7.96
702,4,4,ADE,H2',4.65,4.7,4.641
703,4,4,ADE,H3',4.67,5.23,5.086
704,4,4,ADE,H4',4.54,4.54,4.501
705,4,4,ADE,H5',4.6,4.47,4.308
706,4,4,ADE,H5'',4.19,4.06,3.951
707,4,4,ADE,H8,8.11,8.48,8.368
708,4,5,CYT,C1',93.8,139.4,120.443
709,4,5,CYT,C2',75.6,81.9,97.23
710,4,5,CYT,C3',72.1,83.7,92.146
711,4,5,CYT,C4',81.9,94.1,102.665
712,4,5,CYT,C5,97.4,144.4,113.168
713,4,5,CYT,C5',65,77.7,81.703
714,4,5,CYT,C6,140.3,156.4,156.659
715,4,5,CYT,H1',5.38,5.51,5.529
716,4,5,CYT,H2',4.39,4.54,5.085
717,4,5,CYT,H3',4.17,4.39,4.334
718,4,5,CYT,H4',4.43,4.14,4.187
719,4,5,CYT,H5,5.23,4.45,4.361
720,4,5,CYT,H5',4.47,4.19,4.141
721,4,5,CYT,H5'',4.06,4.06,3.928
722,4,5,CYT,H6,7.31,7.31,7.271
723,4,6,URA,C1',94.5,118.9,118.95
724,4,6,URA,C2',76,81.8,98.315
725,4,6,URA,C3',73.1,76.7,93.272
726,4,6,URA,C4',82.4,83.4,100.831
727,4,6,URA,C5,105.1,136.2,123.47
728,4,6,URA,C5',64.6,75.4,82.828
729,4,6,URA,C6,140.6,157,156.889
730,4,6,URA,H1',5.67,5.57,5.409
731,4,6,URA,H2',3.8,4.43,4.322
732,4,6,URA,H3,11.83,7.16,7.483
733,4,6,URA,H3',4.56,4.33,4.354
734,4,6,URA,H4',4.39,4.49,4.429
735,4,6,URA,H5,5.69,5.67,5.619
736,4,6,URA,H5',4.53,4.21,4.005
737,4,6,URA,H5'',4.17,4.07,3.979
738,4,6,URA,H6,7.77,7.9,7.92
739,4,6,URA,N3,161,172.9,176.328
740,4,7,URA,C1',89.3,140.6,121.541
741,4,7,URA,C2',74.7,93,102.114
742,4,7,URA,C3',77.7,105.1,102.41
743,4,7,URA,C4',87,82.4,98.684
744,4,7,URA,C5,105.5,139,121.59
745,4,7,URA,C5',67.8,77.7,84.487
746,4,7,URA,C6,144.7,161,160.609
747,4,7,URA,H1',6.14,6.69,6.602
748,4,7,URA,H2',4.7,4.43,4.425
749,4,7,URA,H3,11.26,7.18,7.563
750,4,7,URA,H3',4.39,4.62,4.624
751,4,7,URA,H4',4.51,5.3,5.203
752,4,7,URA,H5,5.89,5.79,5.673
753,4,7,URA,H5',4.27,4.27,4.23
754,4,7,URA,H5'',4.07,4.09,4.002
755,4,7,URA,H6,8.05,8.59,8.588
756,4,7,URA,N3,159.5,172.2,177.742
757,4,8,CYT,C1',89.1,119,114.376
758,4,8,CYT,C2',77.7,99.7,99.765
759,4,8,CYT,C3',80.3,75.5,101.936
760,4,8,CYT,C4',84.5,93,98.575
761,4,8,CYT,C5,98.6,105.5,108.084
762,4,8,CYT,C5',67.3,87,87.45
763,4,8,CYT,C6,142.8,162.9,162.503
764,4,8,CYT,H1',5.99,6.75,6.727
765,4,8,CYT,H2',4.14,4.67,4.701
766,4,8,CYT,H3',4.51,4.56,4.535
767,4,8,CYT,H4',3.83,5.34,5.265
768,4,8,CYT,H5,6.14,5.69,5.645
769,4,8,CYT,H5',3.65,3.65,3.718
770,4,8,CYT,H5'',2.73,4.08,4.042
771,4,8,CYT,H6,7.72,8.78,8.881
772,4,9,GUA,C1',94.5,119.3,117.83
773,4,9,GUA,C2',77.4,97.2,97.617
774,4,9,GUA,C3',75.9,84.5,91.666
775,4,9,GUA,C4',83.2,100.6,101.206
776,4,9,GUA,C5',69,77.8,82.3
777,4,9,GUA,C8,142.9,149.7,150.785
778,4,9,GUA,H1,9.96,11.83,11.861
779,4,9,GUA,H1',6,6.01,5.981
780,4,9,GUA,H2',4.85,4.6,4.853
781,4,9,GUA,H3',5.67,4.59,5.05
782,4,9,GUA,H4',4.45,4.39,4.327
783,4,9,GUA,H5',4.44,4.17,4.013
784,4,9,GUA,H5'',4.23,4.09,3.925
785,4,9,GUA,H8,7.9,8.15,7.917
786,4,9,GUA,N1,144.4,156.1,155.854
787,4,10,GUA,C1',93.3,141.7,116.665
788,4,10,GUA,C2',75.1,97.4,97.867
789,4,10,GUA,C3',74.6,75.7,93.412
790,4,10,GUA,C4',83.1,98.9,100.257
791,4,10,GUA,C5',69.8,81.9,83.23
792,4,10,GUA,C8,139,149.3,148.801
793,4,10,GUA,H1,13.52,8.67,7.25
794,4,10,GUA,H1',4.47,5.95,6.025
795,4,10,GUA,H2',4.47,4.46,4.382
796,4,10,GUA,H3',4.29,4.59,5.075
797,4,10,GUA,H4',4.42,4.44,4.457
798,4,10,GUA,H5',4.23,4.28,4.265
799,4,10,GUA,H5'',4.53,4.47,3.87
800,4,10,GUA,H8,8.35,7.69,7.489
801,4,10,GUA,N1,149.3,157.1,156.414
802,4,11,URA,C1',93.8,140.8,120.068
803,4,11,URA,C2',75.4,93.8,97.499
804,4,11,URA,C3',72.2,95.1,95.917
805,4,11,URA,C4',81.9,98.6,99.312
806,4,11,URA,C5,102.8,140.3,121.626
807,4,11,URA,C5',64,89.3,89.451
808,4,11,URA,C6,141.6,158.3,157.312
809,4,11,URA,H1',5.59,5.67,5.675
810,4,11,URA,H2',4.72,4.61,4.731
811,4,11,URA,H3,13.8,9.96,11.552
812,4,11,URA,H3',4.61,4.39,4.374
813,4,11,URA,H4',4.43,4.51,4.492
814,4,11,URA,H5,5.19,5.59,5.137
815,4,11,URA,H5',4.51,4.23,4.027
816,4,11,URA,H5'',4.09,4.29,4.218
817,4,11,URA,H6,7.85,8.17,8.114
818,4,11,URA,N3,163.6,197.4,183.588
819,4,12,GUA,C1',92.9,142.8,116.169
820,4,12,GUA,C2',75.5,93.8,97.532
821,4,12,GUA,C3',72.9,90.9,92.113
822,4,12,GUA,C4',81.9,92.9,102.484
823,4,12,GUA,C5',65.5,77.4,83.517
824,4,12,GUA,C8,136.2,147.3,147.778
825,4,12,GUA,H1,12.66,13.01,11.628
826,4,12,GUA,H1',5.87,6.14,6.143
827,4,12,GUA,H2',4.6,4.65,4.695
828,4,12,GUA,H3',4.62,4.59,4.997
829,4,12,GUA,H4',4.6,4.42,4.427
830,4,12,GUA,H5',4.56,4.23,4.283
831,4,12,GUA,H5'',4.17,4.47,3.816
832,4,12,GUA,H8,7.79,8.11,7.958
833,4,12,GUA,N1,149.1,153.4,154.014
834,4,13,CYT,C1',94.1,141.6,120.139
835,4,13,CYT,C2',75.7,98.4,98.87
836,4,13,CYT,C3',72.1,94.5,95.343
837,4,13,CYT,C4',81.9,75.8,101.295
838,4,13,CYT,C5,97.2,144.7,111.516
839,4,13,CYT,C5',64.5,81.9,83.201
840,4,13,CYT,C6,141,155.1,154.74
841,4,13,CYT,H1',5.51,5.57,5.61
842,4,13,CYT,H2',4.28,4.17,4.078
843,4,13,CYT,H3',4.45,4.6,4.792
844,4,13,CYT,H4',4.17,4.43,4.367
845,4,13,CYT,H5,5.3,4.6,4.742
846,4,13,CYT,H5',4.59,4.17,4.198
847,4,13,CYT,H5'',4.09,2.73,3.685
848,4,13,CYT,H6,7.69,7.79,7.803
849,4,14,CYT,C1',93,139,122.073
850,4,14,CYT,C2',77.8,75.3,102.899
851,4,14,CYT,C3',69.7,94.5,95.999
852,4,14,CYT,C4',83.4,93,101.226
853,4,14,CYT,C5,98.4,142.9,113.066
854,4,14,CYT,C5',65.1,86.1,87.545
855,4,14,CYT,C6,141.7,158.7,158.299
856,4,14,CYT,H1',5.79,6.48,6.638
857,4,14,CYT,H2',4.06,4.19,4.152
858,4,14,CYT,H3',4.21,4.6,4.824
859,4,14,CYT,H4',4.19,4.65,4.674
860,4,14,CYT,H5,5.57,5.38,5.1
861,4,14,CYT,H5',4.51,4.51,3.772
862,4,14,CYT,H5'',4.06,4.51,4.504
863,4,14,CYT,H6,7.69,7.46,7.533
864,5,1,GUA,C1',90.9,118.7,118.393
865,5,1,GUA,C2',75,80.3,97.187
866,5,1,GUA,C3',74.2,75.6,91.769
867,5,1,GUA,C4',83.7,100.9,101.592
868,5,1,GUA,C5',67.7,77.7,84.515
869,5,1,GUA,C8,139,151.8,151.883
870,5,1,GUA,H1,13.01,11.26,11.543
871,5,1,GUA,H1',5.86,6.14,6.01
872,5,1,GUA,H2',4.98,4.98,5.048
873,5,1,GUA,H3',4.46,5.19,5.192
874,5,1,GUA,H4',4.6,4.56,4.6
875,5,1,GUA,H5',4.43,4.06,4.164
876,5,1,GUA,H5'',4.33,4.19,4.089
877,5,1,GUA,H8,8.17,7.9,8.03
878,5,1,GUA,N1,148.6,153.1,153.017
879,5,2,GUA,C1',93,118.8,116.814
880,5,2,GUA,C2',75.5,89.1,96.892
881,5,2,GUA,C3',73.4,76,91.945
882,5,2,GUA,C4',82.7,75.4,101.326
883,5,2,GUA,C5',66.5,75.7,82.75
884,5,2,GUA,C8,137,149.7,149.494
885,5,2,GUA,H1,13.41,12.66,12.139
886,5,2,GUA,H1',5.95,6.02,5.996
887,5,2,GUA,H2',4.59,4.72,4.776
888,5,2,GUA,H3',4.65,4.7,4.863
889,5,2,GUA,H4',4.6,4.42,4.446
890,5,2,GUA,H5',4.54,4.45,4.345
891,5,2,GUA,H5'',4.36,3.8,3.869
892,5,2,GUA,H8,7.72,7.69,7.559
893,5,2,GUA,N1,149.7,157.1,156.311
894,5,3,CYT,C1',93.8,137,120.529
895,5,3,CYT,C2',75.3,95.1,96.092
896,5,3,CYT,C3',72.1,75.8,91.635
897,5,3,CYT,C4',81.8,83.7,101.154
898,5,3,CYT,C5,97.6,109.8,111.147
899,5,3,CYT,C5',64.2,77.8,81.874
900,5,3,CYT,C6,140.8,155.1,155.257
901,5,3,CYT,H1',5.57,5.67,5.634
902,5,3,CYT,H2',4.59,4.65,4.683
903,5,3,CYT,H3',4.48,4.85,4.843
904,5,3,CYT,H4',4.49,4.39,4.459
905,5,3,CYT,H5,5.34,4.67,4.581
906,5,3,CYT,H5',4.55,4.23,4.344
907,5,3,CYT,H5'',4.08,4.47,3.847
908,5,3,CYT,H6,7.75,7.79,7.737
909,5,4,ADE,C1',93,118.9,118.546
910,5,4,ADE,C2,153.1,168,167.416
911,5,4,ADE,C2',75.8,81.9,97.078
912,5,4,ADE,C3',72.9,83.2,91.761
913,5,4,ADE,C4',81.9,93.3,102.138
914,5,4,ADE,C5',65.2,75.5,82.737
915,5,4,ADE,C8,139.4,151.9,151.491
916,5,4,ADE,H1',6.01,6.48,6.356
917,5,4,ADE,H2,7.46,7.31,7.623
918,5,4,ADE,H2',4.65,4.53,4.539
919,5,4,ADE,H3',4.67,5.3,5.121
920,5,4,ADE,H4',4.54,4.45,4.398
921,5,4,ADE,H5',4.6,4.47,4.293
922,5,4,ADE,H5'',4.19,4.06,3.97
923,5,4,ADE,H8,8.11,8.33,8.329
924,5,5,CYT,C1',93.8,119,118.228
925,5,5,CYT,C2',75.6,98.9,99.136
926,5,5,CYT,C3',72.1,81.9,91.931
927,5,5,CYT,C4',81.9,82.7,101.657
928,5,5,CYT,C5,97.4,144.4,112.182
929,5,5,CYT,C5',65,75.5,82.908
930,5,5,CYT,C6,140.3,153.7,154.129
931,5,5,CYT,H1',5.38,6.4,6.225
932,5,5,CYT,H2',4.39,4.14,4.097
933,5,5,CYT,H3',4.17,5.23,5.084
934,5,5,CYT,H4',4.43,4.43,4.384
935,5,5,CYT,H5,5.23,4.62,4.61
936,5,5,CYT,H5',4.47,4.36,4.291
937,5,5,CYT,H5'',4.06,3.83,3.842
938,5,5,CYT,H6,7.31,7.72,7.716
939,5,6,URA,C1',94.5,141,119.557
940,5,6,URA,C2',76,81.8,98.567
941,5,6,URA,C3',73.1,94.5,95.779
942,5,6,URA,C4',82.4,98.6,99.466
943,5,6,URA,C5,105.1,139,125.886
944,5,6,URA,C5',64.6,81.9,82.91
945,5,6,URA,C6,140.6,156.3,155.89
946,5,6,URA,H1',5.67,5.69,5.682
947,5,6,URA,H2',3.8,4.21,4.094
948,5,6,URA,H3,11.83,6.69,7.044
949,5,6,URA,H3',4.56,4.54,4.454
950,5,6,URA,H4',4.39,4.51,4.449
951,5,6,URA,H5,5.69,5.57,5.485
952,5,6,URA,H5',4.53,4.49,4.324
953,5,6,URA,H5'',4.17,4.06,4.029
954,5,6,URA,H6,7.77,8.05,8.02
955,5,6,URA,N3,161,171.7,171.389
956,5,7,URA,C1',89.3,140.3,125.54
957,5,7,URA,C2',74.7,99.7,100.875
958,5,7,URA,C3',77.7,86.1,101.91
959,5,7,URA,C4',87,97.6,98.644
960,5,7,URA,C5,105.5,140.6,124.079
961,5,7,URA,C5',67.8,77.7,89.654
962,5,7,URA,C6,144.7,158.3,157.694
963,5,7,URA,H1',6.14,6.14,6.139
964,5,7,URA,H2',4.7,4.43,4.315
965,5,7,URA,H3,11.26,8.78,7.937
966,5,7,URA,H3',4.39,4.07,3.904
967,5,7,URA,H4',4.51,5.51,5.385
968,5,7,URA,H5,5.89,5.57,5.607
969,5,7,URA,H5',4.27,4.39,4.272
970,5,7,URA,H5'',4.07,2.73,3.131
971,5,7,URA,H6,8.05,7.46,7.544
972,5,7,URA,N3,159.5,172.9,173.426
973,5,8,CYT,C1',89.1,119.3,115.875
974,5,8,CYT,C2',77.7,102.8,103.376
975,5,8,CYT,C3',80.3,94.5,95.123
976,5,8,CYT,C4',84.5,105.5,106.776
977,5,8,CYT,C5,98.6,145.1,112.227
978,5,8,CYT,C5',67.3,84.5,85.952
979,5,8,CYT,C6,142.8,156.1,156.134
980,5,8,CYT,H1',5.99,5.89,6.004
981,5,8,CYT,H2',4.14,4.17,3.972
982,5,8,CYT,H3',4.51,4.65,4.578
983,5,8,CYT,H4',3.83,4.55,4.473
984,5,8,CYT,H5,6.14,5.79,5.819
985,5,8,CYT,H5',3.65,3.65,3.706
986,5,8,CYT,H5'',2.73,4.48,4.502
987,5,8,CYT,H6,7.72,7.69,7.544
988,5,9,GUA,C1',94.5,139,123.058
989,5,9,GUA,C2',77.4,100.6,100.762
990,5,9,GUA,C3',75.9,98.4,99.983
991,5,9,GUA,C4',83.2,105.1,106.269
992,5,9,GUA,C5',69,87,90.024
993,5,9,GUA,C8,142.9,151.9,151.91
994,5,9,GUA,H1,9.96,6.75,6.587
995,5,9,GUA,H1',6,6,6.213
996,5,9,GUA,H2',4.85,4.51,4.567
997,5,9,GUA,H3',5.67,4.59,4.97
998,5,9,GUA,H4',4.45,4.27,4.311
999,5,9,GUA,H5',4.44,4.29,4.255
1000,5,9,GUA,H5'',4.23,4.6,4.546
1001,5,9,GUA,H8,7.9,7.18,7.397
1002,5,9,GUA,N1,144.4,147.3,147.436
1003,5,10,GUA,C1',93.3,141.6,116.439
1004,5,10,GUA,C2',75.1,93.8,96.789
1005,5,10,GUA,C3',74.6,94.1,94.017
1006,5,10,GUA,C4',83.1,93,101.63
1007,5,10,GUA,C5',69.8,76.7,85.399
1008,5,10,GUA,C8,139,149.3,149.374
1009,5,10,GUA,H1,13.52,13.01,12.558
1010,5,10,GUA,H1',4.47,5.34,5.039
1011,5,10,GUA,H2',4.47,4.56,4.561
1012,5,10,GUA,H3',4.29,4.6,4.736
1013,5,10,GUA,H4',4.42,4.09,3.936
1014,5,10,GUA,H5',4.23,4.23,4.202
1015,5,10,GUA,H5'',4.53,4.51,3.854
1016,5,10,GUA,H8,8.35,8.17,8.059
1017,5,10,GUA,N1,149.3,158.7,159.089
1018,5,11,URA,C1',93.8,140.8,119.836
1019,5,11,URA,C2',75.4,93.8,96.884
1020,5,11,URA,C3',72.2,83.1,92.883
1021,5,11,URA,C4',81.9,75.9,101.65
1022,5,11,URA,C5,102.8,139.4,121.71
1023,5,11,URA,C5',64,77.4,83.343
1024,5,11,URA,C6,141.6,155.6,155.274
1025,5,11,URA,H1',5.59,5.86,5.724
1026,5,11,URA,H2',4.72,4.6,4.643
1027,5,11,URA,H3,13.8,13.8,12.998
1028,5,11,URA,H3',4.61,4.6,4.733
1029,5,11,URA,H4',4.43,4.28,4.291
1030,5,11,URA,H5,5.19,4.59,4.829
1031,5,11,URA,H5',4.51,4.08,4.019
1032,5,11,URA,H5'',4.09,4.17,3.903
1033,5,11,URA,H6,7.85,8.11,8.011
1034,5,11,URA,N3,163.6,172.2,182.479
1035,5,12,GUA,C1',92.9,141.7,116.693
1036,5,12,GUA,C2',75.5,97.2,97.102
1037,5,12,GUA,C3',72.9,83.4,91.803
1038,5,12,GUA,C4',81.9,93.8,101.338
1039,5,12,GUA,C5',65.5,81.9,84.002
1040,5,12,GUA,C8,136.2,147.6,147.648
1041,5,12,GUA,H1,12.66,11.83,11.596
1042,5,12,GUA,H1',5.87,5.95,6.116
1043,5,12,GUA,H2',4.6,4.6,4.741
1044,5,12,GUA,H3',4.62,5.38,5.047
1045,5,12,GUA,H4',4.6,4.46,4.444
1046,5,12,GUA,H5',4.56,4.17,4.099
1047,5,12,GUA,H5'',4.17,4.09,3.888
1048,5,12,GUA,H8,7.79,8.15,7.852
1049,5,12,GUA,N1,149.1,156.1,155.562
1050,5,13,CYT,C1',94.1,136.2,119.649
1051,5,13,CYT,C2',75.7,97.4,97.203
1052,5,13,CYT,C3',72.1,89.3,91.724
1053,5,13,CYT,C4',81.9,93,101.26
1054,5,13,CYT,C5,97.2,144.7,111.902
1055,5,13,CYT,C5',64.5,81.9,82.8
1056,5,13,CYT,C6,141,153.4,154.727
1057,5,13,CYT,H1',5.51,5.87,5.805
1058,5,13,CYT,H2',4.28,4.44,4.438
1059,5,13,CYT,H3',4.45,4.61,4.587
1060,5,13,CYT,H4',4.17,4.39,4.366
1061,5,13,CYT,H5,5.3,4.53,4.51
1062,5,13,CYT,H5',4.59,4.33,4.259
1063,5,13,CYT,H5'',4.09,4.54,3.787
1064,5,13,CYT,H6,7.69,7.72,7.654
1065,5,14,CYT,C1',93,142.8,119.119
1066,5,14,CYT,C2',77.8,92.9,101.445
1067,5,14,CYT,C3',69.7,90.9,92.024
1068,5,14,CYT,C4',83.4,93,102.131
1069,5,14,CYT,C5,98.4,142.9,112.172
1070,5,14,CYT,C5',65.1,82.4,82.837
1071,5,14,CYT,C6,141.7,157,156.582
1072,5,14,CYT,H1',5.79,6.01,6.167
1073,5,14,CYT,H2',4.06,4.19,4.118
1074,5,14,CYT,H3',4.21,4.51,4.48
1075,5,14,CYT,H4',4.19,4.43,4.361
1076,5,14,CYT,H5,5.57,4.59,4.968
1077,5,14,CYT,H5',4.51,4.47,4.319
1078,5,14,CYT,H5'',4.06,4.17,3.934
1079,5,14,CYT,H6,7.69,7.85,7.948
1080,6,1,GUA,C1',90.9,118.7,117.321
1081,6,1,GUA,C2',75,82.4,98.615
1082,6,1,GUA,C3',74.2,76,91.773
1083,6,1,GUA,C4',83.7,100.9,101.141
1084,6,1,GUA,C5',67.7,75.9,84.014
1085,6,1,GUA,C8,139,151.8,151.128
1086,6,1,GUA,H1,13.01,12.66,12.201
1087,6,1,GUA,H1',5.86,6.14,6.199
1088,6,1,GUA,H2',4.98,3.8,3.852
1089,6,1,GUA,H3',4.46,5.19,5.186
1090,6,1,GUA,H4',4.6,4.44,4.469
1091,6,1,GUA,H5',4.43,4.06,4.186
1092,6,1,GUA,H5'',4.33,4.27,4.161
1093,6,1,GUA,H8,8.17,7.9,7.801
1094,6,1,GUA,N1,148.6,153.7,153.116
1095,6,2,GUA,C1',93,118.8,116.482
1096,6,2,GUA,C2',75.5,81.9,98.086
1097,6,2,GUA,C3',73.4,95.1,95.972
1098,6,2,GUA,C4',82.7,75.4,102.583
1099,6,2,GUA,C5',66.5,75.8,81.7
1100,6,2,GUA,C8,137,153.1,153.03
1101,6,2,GUA,H1,13.41,13.01,12.748
1102,6,2,GUA,H1',5.95,6.4,6.071
1103,6,2,GUA,H2',4.59,4.98,5.076
1104,6,2,GUA,H3',4.65,5.38,5.269
1105,6,2,GUA,H4',4.6,4.36,4.373
1106,6,2,GUA,H5',4.54,4.14,4.129
1107,6,2,GUA,H5'',4.36,4.06,3.945
1108,6,2,GUA,H8,7.72,7.85,7.762
1109,6,2,GUA,N1,149.7,155.6,155.017
1110,6,3,CYT,C1',93.8,137,119.663
1111,6,3,CYT,C2',75.3,97.6,98.018
1112,6,3,CYT,C3',72.1,87,94.559
1113,6,3,CYT,C4',81.8,102.8,103.528
1114,6,3,CYT,C5,97.6,109.8,111.202
1115,6,3,CYT,C5',64.2,89.3,89.936
1116,6,3,CYT,C6,140.8,159.5,159.062
1117,6,3,CYT,H1',5.57,4.85,4.808
1118,6,3,CYT,H2',4.59,4.72,4.721
1119,6,3,CYT,H3',4.48,4.33,4.263
1120,6,3,CYT,H4',4.49,4.19,4.218
1121,6,3,CYT,H5,5.34,5.69,5.68
1122,6,3,CYT,H5',4.55,4.47,4.016
1123,6,3,CYT,H5'',4.08,4.17,4.205
1124,6,3,CYT,H6,7.75,7.69,7.623
1125,6,4,ADE,C1',93,118.9,117.76
1126,6,4,ADE,C2,153.1,169.5,169.119
1127,6,4,ADE,C2',75.8,89.1,97.597
1128,6,4,ADE,C3',72.9,82.7,99.609
1129,6,4,ADE,C4',81.9,75.3,103.491
1130,6,4,ADE,C5',65.2,75.7,90.771
1131,6,4,ADE,C8,139.4,151.9,151.613
1132,6,4,ADE,H1',6.01,6.02,5.963
1133,6,4,ADE,H2,7.46,8.17,8.205
1134,6,4,ADE,H2',4.65,4.59,4.951
1135,6,4,ADE,H3',4.67,4.67,4.654
1136,6,4,ADE,H4',4.54,4.39,4.315
1137,6,4,ADE,H5',4.6,4.47,4.243
1138,6,4,ADE,H5'',4.19,4.23,4.27
1139,6,4,ADE,H8,8.11,7.18,7.246
1140,6,5,CYT,C1',93.8,119,118.942
1141,6,5,CYT,C2',75.6,81.9,96.732
1142,6,5,CYT,C3',72.1,83.1,90.65
1143,6,5,CYT,C4',81.9,100.6,100.974
1144,6,5,CYT,C5,97.4,144.7,111.736
1145,6,5,CYT,C5',65,75.6,82.322
1146,6,5,CYT,C6,140.3,155.1,154.672
1147,6,5,CYT,H1',5.38,5.51,5.559
1148,6,5,CYT,H2',4.39,4.65,4.693
1149,6,5,CYT,H3',4.17,4.54,4.486
1150,6,5,CYT,H4',4.43,4.17,4.129
1151,6,5,CYT,H5,5.23,4.56,4.531
1152,6,5,CYT,H5',4.47,4.06,4.194
1153,6,5,CYT,H5'',4.06,3.65,3.783
1154,6,5,CYT,H6,7.31,7.31,7.404
1155,6,6,URA,C1',94.5,139.4,120.883
1156,6,6,URA,C2',76,97.4,97.639
1157,6,6,URA,C3',73.1,90.9,91.711
1158,6,6,URA,C4',82.4,83.4,102.033
1159,6,6,URA,C5,105.1,139,121.008
1160,6,6,URA,C5',64.6,75.5,81.884
1161,6,6,URA,C6,140.6,157.1,157.785
1162,6,6,URA,H1',5.67,5.86,5.863
1163,6,6,URA,H2',3.8,5.3,5.174
1164,6,6,URA,H3,11.83,6.75,6.812
1165,6,6,URA,H3',4.56,4.55,4.596
1166,6,6,URA,H4',4.39,4.39,4.418
1167,6,6,URA,H5,5.69,5.23,5.083
1168,6,6,URA,H5',4.53,4.46,4.361
1169,6,6,URA,H5'',4.17,4.51,3.83
1170,6,6,URA,H6,7.77,8.05,8.003
1171,6,6,URA,N3,161,172.9,176.411
1172,6,7,URA,C1',89.3,140.8,119.704
1173,6,7,URA,C2',74.7,98.9,99.144
1174,6,7,URA,C3',77.7,80.3,96.28
1175,6,7,URA,C4',87,98.6,100.829
1176,6,7,URA,C5,105.5,140.3,121.518
1177,6,7,URA,C5',67.8,75.5,82.843
1178,6,7,URA,C6,144.7,158.3,158.066
1179,6,7,URA,H1',6.14,6.14,6.075
1180,6,7,URA,H2',4.7,4.6,4.894
1181,6,7,URA,H3,11.26,8.78,7.457
1182,6,7,URA,H3',4.39,4.19,4.159
1183,6,7,URA,H4',4.51,4.62,4.605
1184,6,7,URA,H5,5.89,5.67,5.581
1185,6,7,URA,H5',4.27,4.43,4.362
1186,6,7,URA,H5'',4.07,3.83,3.791
1187,6,7,URA,H6,8.05,8.35,8.341
1188,6,7,URA,N3,159.5,172.2,179.038
1189,6,8,CYT,C1',89.1,140.6,120.117
1190,6,8,CYT,C2',77.7,81.9,97.933
1191,6,8,CYT,C3',80.3,77.4,92.833
1192,6,8,CYT,C4',84.5,99.7,100.133
1193,6,8,CYT,C5,98.6,105.5,109.702
1194,6,8,CYT,C5',67.3,77.8,78.835
1195,6,8,CYT,C6,142.8,158.7,158.323
1196,6,8,CYT,H1',5.99,5.95,6.005
1197,6,8,CYT,H2',4.14,5.57,5
1198,6,8,CYT,H3',4.51,4.6,4.651
1199,6,8,CYT,H4',3.83,4.39,4.264
1200,6,8,CYT,H5,6.14,4.61,4.64
1201,6,8,CYT,H5',3.65,4.07,4.026
1202,6,8,CYT,H5'',2.73,4.17,4.155
1203,6,8,CYT,H6,7.72,7.72,7.773
1204,6,9,GUA,C1',94.5,119.3,115.781
1205,6,9,GUA,C2',77.4,97.2,97.645
1206,6,9,GUA,C3',75.9,83.2,91.242
1207,6,9,GUA,C4',83.2,93,102.73
1208,6,9,GUA,C5',69,77.7,81.966
1209,6,9,GUA,C8,142.9,147.3,147.792
1210,6,9,GUA,H1,9.96,6.48,7.146
1211,6,9,GUA,H1',6,5.79,5.765
1212,6,9,GUA,H2',4.85,4.49,4.429
1213,6,9,GUA,H3',5.67,4.59,4.996
1214,6,9,GUA,H4',4.45,4.45,4.36
1215,6,9,GUA,H5',4.44,4.28,4.171
1216,6,9,GUA,H5'',4.23,4.54,3.824
1217,6,9,GUA,H8,7.9,8.15,8.103
1218,6,9,GUA,N1,144.4,151.9,152.061
1219,6,10,GUA,C1',93.3,141,118.184
1220,6,10,GUA,C2',75.1,93.8,96.651
1221,6,10,GUA,C3',74.6,81.9,97.999
1222,6,10,GUA,C4',83.1,93,96.965
1223,6,10,GUA,C5',69.8,83.7,84.536
1224,6,10,GUA,C8,139,149.7,149.73
1225,6,10,GUA,H1,13.52,11.83,12.131
1226,6,10,GUA,H1',4.47,4.6,4.829
1227,6,10,GUA,H2',4.47,4.23,4.255
1228,6,10,GUA,H3',4.29,4.43,4.317
1229,6,10,GUA,H4',4.42,4.08,4.09
1230,6,10,GUA,H5',4.23,4.29,4.234
1231,6,10,GUA,H5'',4.53,4.53,3.849
1232,6,10,GUA,H8,8.35,7.16,7.292
1233,6,10,GUA,N1,149.3,153.4,154.705
1234,6,11,URA,C1',93.8,141.6,118.739
1235,6,11,URA,C2',75.4,81.8,97.793
1236,6,11,URA,C3',72.2,76.7,91.633
1237,6,11,URA,C4',81.9,93,102.606
1238,6,11,URA,C5,102.8,139,122.229
1239,6,11,URA,C5',64,77.7,81.861
1240,6,11,URA,C6,141.6,156.1,156.12
1241,6,11,URA,H1',5.59,6,5.982
1242,6,11,URA,H2',4.72,4.6,4.671
1243,6,11,URA,H3,13.8,13.8,13.038
1244,6,11,URA,H3',4.61,4.7,4.718
1245,6,11,URA,H4',4.43,4.42,4.405
1246,6,11,URA,H5,5.19,4.59,4.645
1247,6,11,URA,H5',4.51,4.47,4.221
1248,6,11,URA,H5'',4.09,4.09,3.929
1249,6,11,URA,H6,7.85,8.33,8.217
1250,6,11,URA,N3,163.6,171.7,179.808
1251,6,12,GUA,C1',92.9,141.7,117.397
1252,6,12,GUA,C2',75.5,94.5,94.881
1253,6,12,GUA,C3',72.9,98.4,99.794
1254,6,12,GUA,C4',81.9,94.5,94.613
1255,6,12,GUA,C5',65.5,84.5,86.26
1256,6,12,GUA,C8,136.2,149.3,149.721
1257,6,12,GUA,H1,12.66,11.26,11.857
1258,6,12,GUA,H1',5.87,5.87,5.823
1259,6,12,GUA,H2',4.6,4.48,4.493
1260,6,12,GUA,H3',4.62,4.51,4.429
1261,6,12,GUA,H4',4.6,4.17,4.128
1262,6,12,GUA,H5',4.56,4.45,4.335
1263,6,12,GUA,H5'',4.17,4.51,3.761
1264,6,12,GUA,H8,7.79,7.13,7.339
1265,6,12,GUA,N1,149.1,152,152.91
1266,6,13,CYT,C1',94.1,136.2,127.741
1267,6,13,CYT,C2',75.7,93.8,96.106
1268,6,13,CYT,C3',72.1,93.8,96.284
1269,6,13,CYT,C4',81.9,142.9,113.375
1270,6,13,CYT,C5,97.2,144.4,112.668
1271,6,13,CYT,C5',64.5,86.1,86.579
1272,6,13,CYT,C6,141,161,160.379
1273,6,13,CYT,H1',5.51,6.01,6.016
1274,6,13,CYT,H2',4.28,4.6,4.761
1275,6,13,CYT,H3',4.45,5.34,5.21
1276,6,13,CYT,H4',4.17,4.53,4.522
1277,6,13,CYT,H5,5.3,5.59,5.607
1278,6,13,CYT,H5',4.59,2.73,3.675
1279,6,13,CYT,H5'',4.09,4.09,3.932
1280,6,13,CYT,H6,7.69,7.46,7.442
1281,6,14,CYT,C1',93,142.8,117.425
1282,6,14,CYT,C2',77.8,94.1,102.717
1283,6,14,CYT,C3',69.7,93.3,93.653
1284,6,14,CYT,C4',83.4,92.9,102.059
1285,6,14,CYT,C5,98.4,105.1,110.418
1286,6,14,CYT,C5',65.1,81.9,82.268
1287,6,14,CYT,C6,141.7,159.6,159.321
1288,6,14,CYT,H1',5.79,6.69,6.612
1289,6,14,CYT,H2',4.06,4.21,4.212
1290,6,14,CYT,H3',4.21,4.65,4.644
1291,6,14,CYT,H4',4.19,4.43,4.447
1292,6,14,CYT,H5,5.57,5.57,5.487
1293,6,14,CYT,H5',4.51,4.56,4.53
1294,6,14,CYT,H5'',4.06,4.51,3.852
1295,6,14,CYT,H6,7.69,8.11,8.041
1296,7,1,GUA,C1',90.9,118.7,118.877
1297,7,1,GUA,C2',75,81.8,97.234
1298,7,1,GUA,C3',74.2,90.9,91.183
1299,7,1,GUA,C4',83.7,75.1,102.372
1300,7,1,GUA,C5',67.7,75.9,84.952
1301,7,1,GUA,C8,139,152.7,152.812
1302,7,1,GUA,H1,13.01,11.26,11.715
1303,7,1,GUA,H1',5.86,6.14,6.036
1304,7,1,GUA,H2',4.98,5.19,5.041
1305,7,1,GUA,H3',4.46,5.34,5.25
1306,7,1,GUA,H4',4.6,4.51,4.545
1307,7,1,GUA,H5',4.43,4.17,4.186
1308,7,1,GUA,H5'',4.33,4.06,4.033
1309,7,1,GUA,H8,8.17,8.17,8.061
1310,7,1,GUA,N1,148.6,153.7,153.189
1311,7,2,GUA,C1',93,118.8,117.317
1312,7,2,GUA,C2',75.5,81.9,97.282
1313,7,2,GUA,C3',73.4,76.7,91.838
1314,7,2,GUA,C4',82.7,100.9,101.592
1315,7,2,GUA,C5',66.5,76,83.439
1316,7,2,GUA,C8,137,149.7,149.515
1317,7,2,GUA,H1,13.41,11.83,11.998
1318,7,2,GUA,H1',5.95,6.02,6.056
1319,7,2,GUA,H2',4.59,4.72,4.669
1320,7,2,GUA,H3',4.65,4.98,4.972
1321,7,2,GUA,H4',4.6,4.56,4.503
1322,7,2,GUA,H5',4.54,4.21,4.32
1323,7,2,GUA,H5'',4.36,3.8,3.805
1324,7,2,GUA,H8,7.72,7.69,7.708
1325,7,2,GUA,N1,149.7,158.3,156.287
1326,7,3,CYT,C1',93.8,137,120.324
1327,7,3,CYT,C2',75.3,80.3,96.8
1328,7,3,CYT,C3',72.1,89.3,91.38
1329,7,3,CYT,C4',81.8,93,101.822
1330,7,3,CYT,C5,97.6,109.8,109.98
1331,7,3,CYT,C5',64.2,75.6,82.943
1332,7,3,CYT,C6,140.8,155.1,155.226
1333,7,3,CYT,H1',5.57,5.67,5.744
1334,7,3,CYT,H2',4.59,4.65,4.7
1335,7,3,CYT,H3',4.48,4.85,4.824
1336,7,3,CYT,H4',4.49,4.47,4.443
1337,7,3,CYT,H5,5.34,4.62,4.554
1338,7,3,CYT,H5',4.55,4.36,4.33
1339,7,3,CYT,H5'',4.08,4.51,3.85
1340,7,3,CYT,H6,7.75,7.79,7.777
1341,7,4,ADE,C1',93,118.9,117.763
1342,7,4,ADE,C2,153.1,168,167.857
1343,7,4,ADE,C2',75.8,93,96.855
1344,7,4,ADE,C3',72.9,75.5,91.477
1345,7,4,ADE,C4',81.9,100.6,101.375
1346,7,4,ADE,C5',65.2,75.7,83.099
1347,7,4,ADE,C8,139.4,151.8,151.076
1348,7,4,ADE,H1',6.01,6.4,6.123
1349,7,4,ADE,H2,7.46,7.69,7.603
1350,7,4,ADE,H2',4.65,4.6,4.868
1351,7,4,ADE,H3',4.67,4.54,4.98
1352,7,4,ADE,H4',4.54,4.39,4.405
1353,7,4,ADE,H5',4.6,4.45,4.311
1354,7,4,ADE,H5'',4.19,4.06,3.95
1355,7,4,ADE,H8,8.11,8.33,8.313
1356,7,5,CYT,C1',93.8,140.8,119.251
1357,7,5,CYT,C2',75.6,93,96.915
1358,7,5,CYT,C3',72.1,82.7,91.129
1359,7,5,CYT,C4',81.9,99.7,100.488
1360,7,5,CYT,C5,97.4,105.1,111.271
1361,7,5,CYT,C5',65,75.4,82.137
1362,7,5,CYT,C6,140.3,156.1,155.69
1363,7,5,CYT,H1',5.38,5.79,5.857
1364,7,5,CYT,H2',4.39,4.67,4.812
1365,7,5,CYT,H3',4.17,4.42,4.468
1366,7,5,CYT,H4',4.43,4.33,4.396
1367,7,5,CYT,H5,5.23,4.43,4.369
1368,7,5,CYT,H5',4.47,4.44,4.334
1369,7,5,CYT,H5'',4.06,2.73,3.737
1370,7,5,CYT,H6,7.31,7.46,7.45
1371,7,6,URA,C1',94.5,139.4,120.395
1372,7,6,URA,C2',76,95.1,96.238
1373,7,6,URA,C3',73.1,75.8,92.632
1374,7,6,URA,C4',82.4,83.4,101.493
1375,7,6,URA,C5,105.1,140.3,123.533
1376,7,6,URA,C5',64.6,77.8,81.598
1377,7,6,URA,C6,140.6,156.3,156.074
1378,7,6,URA,H1',5.67,5.95,5.995
1379,7,6,URA,H2',3.8,4.53,5.006
1380,7,6,URA,H3,11.83,6.69,6.887
1381,7,6,URA,H3',4.56,4.7,4.635
1382,7,6,URA,H4',4.39,4.27,4.275
1383,7,6,URA,H5,5.69,5.3,5.096
1384,7,6,URA,H5',4.53,4.28,4.205
1385,7,6,URA,H5'',4.17,3.65,3.787
1386,7,6,URA,H6,7.77,7.85,7.795
1387,7,6,URA,N3,161,172.9,177.026
1388,7,7,URA,C1',89.3,119,118.385
1389,7,7,URA,C2',74.7,94.5,95.097
1390,7,7,URA,C3',77.7,97.6,97.568
1391,7,7,URA,C4',87,82.4,98.676
1392,7,7,URA,C5,105.5,136.2,124.371
1393,7,7,URA,C5',67.8,87,89.704
1394,7,7,URA,C6,144.7,159.9,159.834
1395,7,7,URA,H1',6.14,5.57,5.431
1396,7,7,URA,H2',4.7,5.23,5.14
1397,7,7,URA,H3,11.26,8.78,7.333
1398,7,7,URA,H3',4.39,4.14,4.034
1399,7,7,URA,H4',4.51,4.56,4.555
1400,7,7,URA,H5,5.89,5.38,5.267
1401,7,7,URA,H5',4.27,4.23,4.087
1402,7,7,URA,H5'',4.07,4.06,4.044
1403,7,7,URA,H6,8.05,8.48,8.429
1404,7,7,URA,N3,159.5,172.2,180.58
1405,7,8,CYT,C1',89.1,139,122.804
1406,7,8,CYT,C2',77.7,97.2,97.621
1407,7,8,CYT,C3',80.3,94.1,97.242
1408,7,8,CYT,C4',84.5,83.7,100.989
1409,7,8,CYT,C5,98.6,105.5,107.44
1410,7,8,CYT,C5',67.3,77.7,81.546
1411,7,8,CYT,C6,142.8,161,161.066
1412,7,8,CYT,H1',5.99,5.86,5.866
1413,7,8,CYT,H2',4.14,4.53,4.981
1414,7,8,CYT,H3',4.51,4.61,4.58
1415,7,8,CYT,H4',3.83,4.47,4.409
1416,7,8,CYT,H5,6.14,5.51,5.521
1417,7,8,CYT,H5',3.65,4.17,4.063
1418,7,8,CYT,H5'',2.73,4.08,4.067
1419,7,8,CYT,H6,7.72,8.59,8.437
1420,7,9,GUA,C1',94.5,119.3,118.562
1421,7,9,GUA,C2',77.4,98.9,99.361
1422,7,9,GUA,C3',75.9,83.1,92.495
1423,7,9,GUA,C4',83.2,102.8,103.278
1424,7,9,GUA,C5',69,75.5,83.011
1425,7,9,GUA,C8,142.9,149.3,149.599
1426,7,9,GUA,H1,9.96,7.18,7.051
1427,7,9,GUA,H1',6,6.14,6.135
1428,7,9,GUA,H2',4.85,5.59,4.997
1429,7,9,GUA,H3',5.67,4.6,4.851
1430,7,9,GUA,H4',4.45,4.39,4.4
1431,7,9,GUA,H5',4.44,4.07,3.995
1432,7,9,GUA,H5'',4.23,4.17,4.166
1433,7,9,GUA,H8,7.9,8.05,7.933
1434,7,9,GUA,N1,144.4,153.1,153.07
1435,7,10,GUA,C1',93.3,141.6,119.674
1436,7,10,GUA,C2',75.1,93.8,96.341
1437,7,10,GUA,C3',74.6,94.5,95.402
1438,7,10,GUA,C4',83.1,84.5,101.388
1439,7,10,GUA,C5',69.8,77.4,82.029
1440,7,10,GUA,C8,139,151.9,151.241
1441,7,10,GUA,H1,13.52,12.66,12.111
1442,7,10,GUA,H1',4.47,5.57,5.312
1443,7,10,GUA,H2',4.47,4.6,4.764
1444,7,10,GUA,H3',4.29,4.45,4.406
1445,7,10,GUA,H4',4.42,3.83,3.817
1446,7,10,GUA,H5',4.23,4.23,3.794
1447,7,10,GUA,H5'',4.53,4.47,3.807
1448,7,10,GUA,H8,8.35,7.9,7.915
1449,7,10,GUA,N1,149.3,155.6,155.334
1450,7,11,URA,C1',93.8,141,119.557
1451,7,11,URA,C2',75.4,93.8,96.787
1452,7,11,URA,C3',72.2,81.9,90.978
1453,7,11,URA,C4',81.9,98.6,101.402
1454,7,11,URA,C5,102.8,139,119.799
1455,7,11,URA,C5',64,81.9,82.363
1456,7,11,URA,C6,141.6,157.1,157.016
1457,7,11,URA,H1',5.59,5.89,5.911
1458,7,11,URA,H2',4.72,4.6,4.799
1459,7,11,URA,H3,13.8,13.01,12.637
1460,7,11,URA,H3',4.61,4.59,4.918
1461,7,11,URA,H4',4.43,4.49,4.425
1462,7,11,URA,H5,5.19,4.65,4.821
1463,7,11,URA,H5',4.51,4.55,4.383
1464,7,11,URA,H5'',4.09,4.19,3.809
1465,7,11,URA,H6,7.85,8.15,8.039
1466,7,11,URA,N3,163.6,171.7,181.321
1467,7,12,GUA,C1',92.9,141.7,115.9
1468,7,12,GUA,C2',75.5,97.4,97.522
1469,7,12,GUA,C3',72.9,89.1,91.078
1470,7,12,GUA,C4',81.9,93.3,101.526
1471,7,12,GUA,C5',65.5,81.9,83.289
1472,7,12,GUA,C8,136.2,147.3,147.438
1473,7,12,GUA,H1,12.66,9.96,11.716
1474,7,12,GUA,H1',5.87,6.48,6.237
1475,7,12,GUA,H2',4.6,4.59,4.869
1476,7,12,GUA,H3',4.62,4.59,4.947
1477,7,12,GUA,H4',4.6,4.43,4.45
1478,7,12,GUA,H5',4.56,4.46,4.338
1479,7,12,GUA,H5'',4.17,4.09,3.87
1480,7,12,GUA,H8,7.79,7.72,7.758
1481,7,12,GUA,N1,149.1,156.1,155.511
1482,7,13,CYT,C1',94.1,140.6,119.54
1483,7,13,CYT,C2',75.7,93.8,96.348
1484,7,13,CYT,C3',72.1,86.1,91.69
1485,7,13,CYT,C4',81.9,98.4,100.052
1486,7,13,CYT,C5,97.2,142.9,113.103
1487,7,13,CYT,C5',64.5,77.7,81.735
1488,7,13,CYT,C6,141,153.4,154.361
1489,7,13,CYT,H1',5.51,5.67,5.595
1490,7,13,CYT,H2',4.28,4.51,4.5
1491,7,13,CYT,H3',4.45,4.39,4.383
1492,7,13,CYT,H4',4.17,4.29,4.292
1493,7,13,CYT,H5,5.3,4.6,4.724
1494,7,13,CYT,H5',4.59,4.48,4.351
1495,7,13,CYT,H5'',4.09,4.19,3.815
1496,7,13,CYT,H6,7.69,7.31,7.383
1497,7,14,CYT,C1',93,142.8,119.365
1498,7,14,CYT,C2',77.8,92.9,101.956
1499,7,14,CYT,C3',69.7,83.2,92.231
1500,7,14,CYT,C4',83.4,75.3,102.303
1501,7,14,CYT,C5,98.4,144.4,112.062
1502,7,14,CYT,C5',65.1,81.9,82.394
1503,7,14,CYT,C6,141.7,157,156.543
1504,7,14,CYT,H1',5.79,6.01,6.15
1505,7,14,CYT,H2',4.06,4.17,4.117
1506,7,14,CYT,H3',4.21,4.54,4.564
1507,7,14,CYT,H4',4.19,4.43,4.339
1508,7,14,CYT,H5,5.57,5.69,4.995
1509,7,14,CYT,H5',4.51,4.51,4.423
1510,7,14,CYT,H5'',4.06,4.09,3.846
1511,7,14,CYT,H6,7.69,8.11,8.012
1512,8,1,GUA,C1',90.9,136.2,119.515
1513,8,1,GUA,C2',75,83.1,99.055
1514,8,1,GUA,C3',74.2,75.8,92.109
1515,8,1,GUA,C4',83.7,100.9,101.198
1516,8,1,GUA,C5',67.7,75.7,84.256
1517,8,1,GUA,C8,139,151.8,152.484
1518,8,1,GUA,H1,13.01,7.13,7.121
1519,8,1,GUA,H1',5.86,6.02,5.983
1520,8,1,GUA,H2',4.98,4.39,4.379
1521,8,1,GUA,H3',4.46,5.19,5.181
1522,8,1,GUA,H4',4.6,4.43,4.425
1523,8,1,GUA,H5',4.43,4.23,4.186
1524,8,1,GUA,H5'',4.33,4.06,4.032
1525,8,1,GUA,H8,8.17,7.9,7.844
1526,8,1,GUA,N1,148.6,153.7,153.678
1527,8,2,GUA,C1',93,142.9,113.577
1528,8,2,GUA,C2',75.5,97.6,97.715
1529,8,2,GUA,C3',73.4,77.4,93.481
1530,8,2,GUA,C4',82.7,92.9,101.796
1531,8,2,GUA,C5',66.5,76,84.521
1532,8,2,GUA,C8,137,153.1,153.28
1533,8,2,GUA,H1,13.41,11.83,12.075
1534,8,2,GUA,H1',5.95,6.14,6.225
1535,8,2,GUA,H2',4.59,4.62,4.557
1536,8,2,GUA,H3',4.65,5.38,5.358
1537,8,2,GUA,H4',4.6,4.53,4.491
1538,8,2,GUA,H5',4.54,3.8,3.867
1539,8,2,GUA,H5'',4.36,4.06,4.076
1540,8,2,GUA,H8,7.72,7.18,7.331
1541,8,2,GUA,N1,149.7,151.9,151.987
1542,8,3,CYT,C1',93.8,118.7,118.61
1543,8,3,CYT,C2',75.3,100.6,101.616
1544,8,3,CYT,C3',72.1,81.8,97.685
1545,8,3,CYT,C4',81.8,82.7,98.326
1546,8,3,CYT,C5,97.6,118.8,114.35
1547,8,3,CYT,C5',64.2,77.8,88.968
1548,8,3,CYT,C6,140.8,156.1,155.719
1549,8,3,CYT,H1',5.57,5.86,5.891
1550,8,3,CYT,H2',4.59,4.36,4.276
1551,8,3,CYT,H3',4.48,4.42,4.362
1552,8,3,CYT,H4',4.49,4.46,4.463
1553,8,3,CYT,H5,5.34,5.34,5.346
1554,8,3,CYT,H5',4.55,4.54,4.085
1555,8,3,CYT,H5'',4.08,4.33,4.347
1556,8,3,CYT,H6,7.75,7.31,7.404
1557,8,4,ADE,C1',93,139,124.629
1558,8,4,ADE,C2,153.1,165.5,166.021
1559,8,4,ADE,C2',75.8,87,87.369
1560,8,4,ADE,C3',72.9,80.3,96.262
1561,8,4,ADE,C4',81.9,98.9,99.698
1562,8,4,ADE,C5',65.2,89.3,90.434
1563,8,4,ADE,C8,139.4,155.6,155.863
1564,8,4,ADE,H1',6.01,6.69,6.44
1565,8,4,ADE,H2,7.46,8.17,8.178
1566,8,4,ADE,H2',4.65,6.14,6.137
1567,8,4,ADE,H3',4.67,3.65,3.505
1568,8,4,ADE,H4',4.54,4.14,4.137
1569,8,4,ADE,H5',4.6,4.56,3.685
1570,8,4,ADE,H5'',4.19,2.73,3.51
1571,8,4,ADE,H8,8.11,8.05,7.978
1572,8,5,CYT,C1',93.8,118.9,115.899
1573,8,5,CYT,C2',75.6,98.6,98.52
1574,8,5,CYT,C3',72.1,95.1,96.087
1575,8,5,CYT,C4',81.9,81.9,98.051
1576,8,5,CYT,C5,97.4,144.7,112.538
1577,8,5,CYT,C5',65,75.5,82.13
1578,8,5,CYT,C6,140.3,158.3,158.53
1579,8,5,CYT,H1',5.38,6.48,6.432
1580,8,5,CYT,H2',4.39,4.85,4.896
1581,8,5,CYT,H3',4.17,4.59,4.537
1582,8,5,CYT,H4',4.43,4.39,4.386
1583,8,5,CYT,H5,5.23,5.51,5.549
1584,8,5,CYT,H5',4.47,4.47,4.309
1585,8,5,CYT,H5'',4.06,4.06,3.933
1586,8,5,CYT,H6,7.31,7.69,7.566
1587,8,6,URA,C1',94.5,119,115.515
1588,8,6,URA,C2',76,97.4,97.621
1589,8,6,URA,C3',73.1,94.1,94.894
1590,8,6,URA,C4',82.4,82.4,98.543
1591,8,6,URA,C5,105.1,137,124.561
1592,8,6,URA,C5',64.6,75.5,82.713
1593,8,6,URA,C6,140.6,157.1,157.542
1594,8,6,URA,H1',5.67,6.4,6.248
1595,8,6,URA,H2',3.8,4.98,4.969
1596,8,6,URA,H3,11.83,9.96,10.337
1597,8,6,URA,H3',4.56,4.47,4.497
1598,8,6,URA,H4',4.39,4.17,4.12
1599,8,6,URA,H5,5.69,5.57,5.485
1600,8,6,URA,H5',4.53,4.23,4.091
1601,8,6,URA,H5'',4.17,3.83,3.858
1602,8,6,URA,H6,7.77,7.69,7.652
1603,8,6,URA,N3,161,197.4,189.206
1604,8,7,URA,C1',89.3,119.3,116.035
1605,8,7,URA,C2',74.7,94.5,95.754
1606,8,7,URA,C3',77.7,83.2,99.286
1607,8,7,URA,C4',87,94.5,95.223
1608,8,7,URA,C5,105.5,140.6,123.33
1609,8,7,URA,C5',67.8,77.7,85.837
1610,8,7,URA,C6,144.7,158.7,158.61
1611,8,7,URA,H1',6.14,5.69,5.8
1612,8,7,URA,H2',4.7,4.29,4.257
1613,8,7,URA,H3,11.26,8.48,7.611
1614,8,7,URA,H3',4.39,4.59,3.825
1615,8,7,URA,H4',4.51,4.28,4.25
1616,8,7,URA,H5,5.89,5.59,5.591
1617,8,7,URA,H5',4.27,4.07,4.158
1618,8,7,URA,H5'',4.07,4.56,3.908
1619,8,7,URA,H6,8.05,8.11,8.094
1620,8,7,URA,N3,159.5,172.9,176.967
1621,8,8,CYT,C1',89.1,141,115.206
1622,8,8,CYT,C2',77.7,99.7,99.808
1623,8,8,CYT,C3',80.3,93,96.883
1624,8,8,CYT,C4',84.5,105.5,105.814
1625,8,8,CYT,C5,98.6,109.8,109.224
1626,8,8,CYT,C5',67.3,81.9,89.153
1627,8,8,CYT,C6,142.8,161,161.085
1628,8,8,CYT,H1',5.99,6.8,6.708
1629,8,8,CYT,H2',4.14,4.44,4.329
1630,8,8,CYT,H3',4.51,4.6,4.511
1631,8,8,CYT,H4',3.83,4.72,4.711
1632,8,8,CYT,H5,6.14,5.57,5.578
1633,8,8,CYT,H5',3.65,4.51,4.05
1634,8,8,CYT,H5'',2.73,4.19,4.048
1635,8,8,CYT,H6,7.72,8.59,8.596
1636,8,9,GUA,C1',94.5,140.8,119.103
1637,8,9,GUA,C2',77.4,93.8,97.136
1638,8,9,GUA,C3',75.9,93.8,94.309
1639,8,9,GUA,C4',83.2,105.1,105.986
1640,8,9,GUA,C5',69,75.6,83.736
1641,8,9,GUA,C8,142.9,149.7,149.722
1642,8,9,GUA,H1,9.96,8.78,8.933
1643,8,9,GUA,H1',6,5.95,6.003
1644,8,9,GUA,H2',4.85,4.67,4.62
1645,8,9,GUA,H3',5.67,4.65,4.888
1646,8,9,GUA,H4',4.45,4.48,4.456
1647,8,9,GUA,H5',4.44,4.45,4.421
1648,8,9,GUA,H5'',4.23,4.09,3.937
1649,8,9,GUA,H8,7.9,8.33,8.318
1650,8,9,GUA,N1,144.4,148.6,149.593
1651,8,10,GUA,C1',93.3,141.6,118.222
1652,8,10,GUA,C2',75.1,98.4,98.749
1653,8,10,GUA,C3',74.6,93.3,93.45
1654,8,10,GUA,C4',83.1,102.8,103.825
1655,8,10,GUA,C5',69.8,75.4,82.913
1656,8,10,GUA,C8,139,149.1,149.254
1657,8,10,GUA,H1,13.52,12.66,12.94
1658,8,10,GUA,H1',4.47,6.01,6.143
1659,8,10,GUA,H2',4.47,4.27,4.288
1660,8,10,GUA,H3',4.29,4.7,4.888
1661,8,10,GUA,H4',4.42,4.39,4.343
1662,8,10,GUA,H5',4.23,4.21,4.111
1663,8,10,GUA,H5'',4.53,4.08,4.036
1664,8,10,GUA,H8,8.35,7.79,7.758
1665,8,10,GUA,N1,149.3,155.1,155.447
1666,8,11,URA,C1',93.8,140.3,121.036
1667,8,11,URA,C2',75.4,97.2,97.527
1668,8,11,URA,C3',72.2,77.7,93.005
1669,8,11,URA,C4',81.9,83.4,100.498
1670,8,11,URA,C5,102.8,139,123.174
1671,8,11,URA,C5',64,76.7,84.424
1672,8,11,URA,C6,141.6,159.5,159.03
1673,8,11,URA,H1',5.59,5.67,5.672
1674,8,11,URA,H2',4.72,4.49,4.445
1675,8,11,URA,H3,13.8,13.8,13.449
1676,8,11,URA,H3',4.61,4.51,4.458
1677,8,11,URA,H4',4.43,4.59,4.473
1678,8,11,URA,H5,5.19,5.79,5.625
1679,8,11,URA,H5',4.51,4.09,4.08
1680,8,11,URA,H5'',4.09,4.54,3.892
1681,8,11,URA,H6,7.85,7.85,7.873
1682,8,11,URA,N3,163.6,172.2,181.308
1683,8,12,GUA,C1',92.9,144.4,113.352
1684,8,12,GUA,C2',75.5,90.9,92.028
1685,8,12,GUA,C3',72.9,93.8,95.001
1686,8,12,GUA,C4',81.9,93,102.615
1687,8,12,GUA,C5',65.5,81.9,88.018
1688,8,12,GUA,C8,136.2,149.3,150.738
1689,8,12,GUA,H1,12.66,13.01,12.881
1690,8,12,GUA,H1',5.87,5.99,6.212
1691,8,12,GUA,H2',4.6,4.43,4.333
1692,8,12,GUA,H3',4.62,4.19,3.922
1693,8,12,GUA,H4',4.6,4.17,4.17
1694,8,12,GUA,H5',4.56,4.45,4.411
1695,8,12,GUA,H5'',4.17,4.6,3.658
1696,8,12,GUA,H8,7.79,7.16,7.239
1697,8,12,GUA,N1,149.1,153.4,152.889
1698,8,13,CYT,C1',94.1,141.7,116.331
1699,8,13,CYT,C2',75.7,93,98.143
1700,8,13,CYT,C3',72.1,89.1,91.879
1701,8,13,CYT,C4',81.9,83.7,101.962
1702,8,13,CYT,C5,97.2,142.8,116.864
1703,8,13,CYT,C5',64.5,81.9,82.919
1704,8,13,CYT,C6,141,157,157.591
1705,8,13,CYT,H1',5.51,6.75,6.565
1706,8,13,CYT,H2',4.28,4.17,4.225
1707,8,13,CYT,H3',4.45,5.23,5.142
1708,8,13,CYT,H4',4.17,4.43,4.401
1709,8,13,CYT,H5,5.3,5.3,5.207
1710,8,13,CYT,H5',4.59,4.47,4.217
1711,8,13,CYT,H5'',4.09,4.55,3.98
1712,8,13,CYT,H6,7.69,7.72,7.658
1713,8,14,CYT,C1',93,139.4,121.139
1714,8,14,CYT,C2',77.8,84.5,101.489
1715,8,14,CYT,C3',69.7,81.9,92.187
1716,8,14,CYT,C4',83.4,86.1,102.161
1717,8,14,CYT,C5,98.4,75.3,107.677
1718,8,14,CYT,C5',65.1,75.9,85.534
1719,8,14,CYT,C6,141.7,157.1,157.484
1720,8,14,CYT,H1',5.79,6,6.064
1721,8,14,CYT,H2',4.06,4.17,4.094
1722,8,14,CYT,H3',4.21,4.6,4.567
1723,8,14,CYT,H4',4.19,4.61,4.554
1724,8,14,CYT,H5,5.57,4.65,4.9
1725,8,14,CYT,H5',4.51,4.51,4.006
1726,8,14,CYT,H5'',4.06,4.51,3.901
1727,8,14,CYT,H6,7.69,7.72,7.642
1728,9,1,GUA,C1',90.9,141.6,119.428
1729,9,1,GUA,C2',75,81.8,97.783
1730,9,1,GUA,C3',74.2,77.4,91.753
1731,9,1,GUA,C4',83.7,102.8,103.059
1732,9,1,GUA,C5',67.7,75.9,84.808
1733,9,1,GUA,C8,139,151.8,151.977
1734,9,1,GUA,H1,13.01,11.26,11.538
1735,9,1,GUA,H1',5.86,6.14,6.039
1736,9,1,GUA,H2',4.98,5.19,5.116
1737,9,1,GUA,H3',4.46,5.51,5.342
1738,9,1,GUA,H4',4.6,4.62,4.596
1739,9,1,GUA,H5',4.43,4.27,4.253
1740,9,1,GUA,H5'',4.33,4.06,4.073
1741,9,1,GUA,H8,8.17,8.17,8.256
1742,9,1,GUA,N1,148.6,149.7,151.034
1743,9,2,GUA,C1',93,118.7,118.146
1744,9,2,GUA,C2',75.5,97.6,97.841
1745,9,2,GUA,C3',73.4,80.3,96.242
1746,9,2,GUA,C4',82.7,99.7,100.326
1747,9,2,GUA,C5',66.5,77.7,88.399
1748,9,2,GUA,C8,137,147.3,147.876
1749,9,2,GUA,H1,13.41,12.66,12.13
1750,9,2,GUA,H1',5.95,6.02,6.029
1751,9,2,GUA,H2',4.59,4.98,4.936
1752,9,2,GUA,H3',4.65,4.42,4.332
1753,9,2,GUA,H4',4.6,4.59,4.614
1754,9,2,GUA,H5',4.54,4.19,4.058
1755,9,2,GUA,H5'',4.36,4.06,4.053
1756,9,2,GUA,H8,7.72,7.18,6.952
1757,9,2,GUA,N1,149.7,157.1,156.611
1758,9,3,CYT,C1',93.8,139.4,121.046
1759,9,3,CYT,C2',75.3,95.1,95.863
1760,9,3,CYT,C3',72.1,93.3,94.315
1761,9,3,CYT,C4',81.8,100.9,101.771
1762,9,3,CYT,C5,97.6,109.8,110.885
1763,9,3,CYT,C5',64.2,75.8,83.611
1764,9,3,CYT,C6,140.8,156.4,156.469
1765,9,3,CYT,H1',5.57,5.67,5.748
1766,9,3,CYT,H2',4.59,4.72,4.651
1767,9,3,CYT,H3',4.48,4.85,4.807
1768,9,3,CYT,H4',4.49,4.39,4.345
1769,9,3,CYT,H5,5.34,4.56,4.551
1770,9,3,CYT,H5',4.55,4.47,3.961
1771,9,3,CYT,H5'',4.08,3.8,3.872
1772,9,3,CYT,H6,7.75,7.85,7.828
1773,9,4,ADE,C1',93,118.8,117.201
1774,9,4,ADE,C2,153.1,168,168.882
1775,9,4,ADE,C2',75.8,81.9,96.996
1776,9,4,ADE,C3',72.9,89.3,91.516
1777,9,4,ADE,C4',81.9,100.6,101.246
1778,9,4,ADE,C5',65.2,76.7,83.968
1779,9,4,ADE,C8,139.4,153.1,152.743
1780,9,4,ADE,H1',6.01,6.4,6.242
1781,9,4,ADE,H2,7.46,8.05,7.73
1782,9,4,ADE,H2',4.65,4.67,4.762
1783,9,4,ADE,H3',4.67,5.3,5.293
1784,9,4,ADE,H4',4.54,4.61,4.617
1785,9,4,ADE,H5',4.6,4.45,4.417
1786,9,4,ADE,H5'',4.19,4.51,3.872
1787,9,4,ADE,H8,8.11,8.35,8.394
1788,9,5,CYT,C1',93.8,118.9,118.77
1789,9,5,CYT,C2',75.6,81.9,97.246
1790,9,5,CYT,C3',72.1,83.4,92.189
1791,9,5,CYT,C4',81.9,75.4,101.581
1792,9,5,CYT,C5,97.4,144.7,111.635
1793,9,5,CYT,C5',65,75.6,82.393
1794,9,5,CYT,C6,140.3,156.1,155.778
1795,9,5,CYT,H1',5.38,5.95,5.955
1796,9,5,CYT,H2',4.39,4.06,3.979
1797,9,5,CYT,H3',4.17,4.7,4.802
1798,9,5,CYT,H4',4.43,4.23,4.218
1799,9,5,CYT,H5,5.23,4.14,4.15
1800,9,5,CYT,H5',4.47,4.07,4.162
1801,9,5,CYT,H5'',4.06,3.83,3.811
1802,9,5,CYT,H6,7.31,7.69,7.643
1803,9,6,URA,C1',94.5,119,117.203
1804,9,6,URA,C2',76,98.9,99.441
1805,9,6,URA,C3',73.1,77.7,90.757
1806,9,6,URA,C4',82.4,83.1,100.638
1807,9,6,URA,C5,105.1,140.3,124.411
1808,9,6,URA,C5',64.6,77.8,82.9
1809,9,6,URA,C6,140.6,155.1,155.699
1810,9,6,URA,H1',5.67,6.14,6.144
1811,9,6,URA,H2',3.8,4.08,4.034
1812,9,6,URA,H3,11.83,13.01,12.332
1813,9,6,URA,H3',4.56,4.65,4.617
1814,9,6,URA,H4',4.39,4.36,4.273
1815,9,6,URA,H5,5.69,5.57,5.399
1816,9,6,URA,H5',4.53,4.47,4.243
1817,9,6,URA,H5'',4.17,3.65,3.735
1818,9,6,URA,H6,7.77,8.48,8.405
1819,9,6,URA,N3,161,172.9,179.44
1820,9,7,URA,C1',89.3,139,121.345
1821,9,7,URA,C2',74.7,94.5,95.797
1822,9,7,URA,C3',77.7,98.4,100.618
1823,9,7,URA,C4',87,84.5,102.202
1824,9,7,URA,C5,105.5,136.2,124.886
1825,9,7,URA,C5',67.8,75.5,82.993
1826,9,7,URA,C6,144.7,158.3,157.569
1827,9,7,URA,H1',6.14,6.01,6.05
1828,9,7,URA,H2',4.7,4.6,4.865
1829,9,7,URA,H3,11.26,8.78,7.547
1830,9,7,URA,H3',4.39,4.17,4.16
1831,9,7,URA,H4',4.51,4.33,4.304
1832,9,7,URA,H5,5.89,5.69,5.723
1833,9,7,URA,H5',4.27,4.19,4.155
1834,9,7,URA,H5'',4.07,4.45,4.3
1835,9,7,URA,H6,8.05,6.89,6.91
1836,9,7,URA,N3,159.5,172.2,174.622
1837,9,8,CYT,C1',89.1,137,120.327
1838,9,8,CYT,C2',77.7,98.6,99.61
1839,9,8,CYT,C3',80.3,81.9,97.052
1840,9,8,CYT,C4',84.5,92.9,102.446
1841,9,8,CYT,C5,98.6,144.4,111.568
1842,9,8,CYT,C5',67.3,76,84.317
1843,9,8,CYT,C6,142.8,159.9,159.774
1844,9,8,CYT,H1',5.99,6.48,6.459
1845,9,8,CYT,H2',4.14,4.51,3.912
1846,9,8,CYT,H3',4.51,4.17,4.227
1847,9,8,CYT,H4',3.83,4.17,4.191
1848,9,8,CYT,H5,6.14,5.23,5.128
1849,9,8,CYT,H5',3.65,4.53,3.89
1850,9,8,CYT,H5'',2.73,2.73,3.716
1851,9,8,CYT,H6,7.72,7.46,7.494
1852,9,9,GUA,C1',94.5,142.8,113.597
1853,9,9,GUA,C2',77.4,97.2,98.079
1854,9,9,GUA,C3',75.9,82.4,99.143
1855,9,9,GUA,C4',83.2,94.5,96.175
1856,9,9,GUA,C5',69,87,88.538
1857,9,9,GUA,C8,142.9,157,157.014
1858,9,9,GUA,H1,9.96,9.96,9.77
1859,9,9,GUA,H1',6,5.79,5.795
1860,9,9,GUA,H2',4.85,5.34,5.318
1861,9,9,GUA,H3',5.67,5.38,5.336
1862,9,9,GUA,H4',4.45,4.6,4.631
1863,9,9,GUA,H5',4.44,4.47,4.233
1864,9,9,GUA,H5'',4.23,4.48,4.401
1865,9,9,GUA,H8,7.9,7.69,7.808
1866,9,9,GUA,N1,144.4,153.7,154.674
1867,9,10,GUA,C1',93.3,119.3,115.498
1868,9,10,GUA,C2',75.1,93,97.357
1869,9,10,GUA,C3',74.6,93.8,95.765
1870,9,10,GUA,C4',83.1,82.7,101.005
1871,9,10,GUA,C5',69.8,86.1,88.567
1872,9,10,GUA,C8,139,148.6,148.803
1873,9,10,GUA,H1,13.52,13.41,12.72
1874,9,10,GUA,H1',4.47,4.23,4.282
1875,9,10,GUA,H2',4.47,4.6,4.795
1876,9,10,GUA,H3',4.29,4.43,4.242
1877,9,10,GUA,H4',4.42,4.28,4.27
1878,9,10,GUA,H5',4.23,4.39,4.412
1879,9,10,GUA,H5'',4.53,4.09,3.93
1880,9,10,GUA,H8,8.35,6.69,6.946
1881,9,10,GUA,N1,149.3,153.4,154.27
1882,9,11,URA,C1',93.8,140.8,120.204
1883,9,11,URA,C2',75.4,97.4,98.27
1884,9,11,URA,C3',72.2,94.1,93.266
1885,9,11,URA,C4',81.9,75.5,101.438
1886,9,11,URA,C5,102.8,139,122.527
1887,9,11,URA,C5',64,75.3,83.238
1888,9,11,URA,C6,141.6,155.6,155.757
1889,9,11,URA,H1',5.59,5.99,5.936
1890,9,11,URA,H2',4.72,4.6,4.918
1891,9,11,URA,H3,13.8,11.83,12.05
1892,9,11,URA,H3',4.61,4.59,4.577
1893,9,11,URA,H4',4.43,4.17,4.14
1894,9,11,URA,H5,5.19,5.57,4.927
1895,9,11,URA,H5',4.51,4.51,3.916
1896,9,11,URA,H5'',4.09,4.43,4.371
1897,9,11,URA,H6,7.85,7.79,7.775
1898,9,11,URA,N3,163.6,171.7,180.672
1899,9,12,GUA,C1',92.9,141,119.384
1900,9,12,GUA,C2',75.5,93.8,95.943
1901,9,12,GUA,C3',72.9,93,97.996
1902,9,12,GUA,C4',81.9,93.8,96.129
1903,9,12,GUA,C5',65.5,75.7,83.124
1904,9,12,GUA,C8,136.2,145.1,146.673
1905,9,12,GUA,H1,12.66,13.52,12.048
1906,9,12,GUA,H1',5.87,5.87,5.82
1907,9,12,GUA,H2',4.6,4.46,4.495
1908,9,12,GUA,H3',4.62,4.29,4.26
1909,9,12,GUA,H4',4.6,4.55,4.503
1910,9,12,GUA,H5',4.56,4.6,4.531
1911,9,12,GUA,H5'',4.17,4.09,4.101
1912,9,12,GUA,H8,7.79,7.31,7.243
1913,9,12,GUA,N1,149.1,158.7,158.177
1914,9,13,CYT,C1',94.1,141.7,119.458
1915,9,13,CYT,C2',75.7,93,96.895
1916,9,13,CYT,C3',72.1,89.1,91.57
1917,9,13,CYT,C4',81.9,83.2,100.966
1918,9,13,CYT,C5,97.2,105.5,111.235
1919,9,13,CYT,C5',64.5,81.9,82.826
1920,9,13,CYT,C6,141,157.1,157.585
1921,9,13,CYT,H1',5.51,5.86,5.873
1922,9,13,CYT,H2',4.28,4.49,4.451
1923,9,13,CYT,H3',4.45,4.65,4.734
1924,9,13,CYT,H4',4.17,4.53,4.48
1925,9,13,CYT,H5,5.3,4.56,4.588
1926,9,13,CYT,H5',4.59,4.43,4.313
1927,9,13,CYT,H5'',4.09,4.54,3.746
1928,9,13,CYT,H6,7.69,7.9,7.899
1929,9,14,CYT,C1',93,140.6,119.769
1930,9,14,CYT,C2',77.8,83.7,101.297
1931,9,14,CYT,C3',69.7,90.9,92.501
1932,9,14,CYT,C4',83.4,105.1,102.789
1933,9,14,CYT,C5,98.4,142.9,111.655
1934,9,14,CYT,C5',65.1,81.9,83
1935,9,14,CYT,C6,141.7,156.1,155.981
1936,9,14,CYT,H1',5.79,6,6.101
1937,9,14,CYT,H2',4.06,4.21,4.185
1938,9,14,CYT,H3',4.21,4.51,4.499
1939,9,14,CYT,H4',4.19,4.39,4.369
1940,9,14,CYT,H5,5.57,4.59,4.818
1941,9,14,CYT,H5',4.51,4.44,4.325
1942,9,14,CYT,H5'',4.06,4.54,3.832
1943,9,14,CYT,H6,7.69,8.11,8
1944,10,1,GUA,C1',90.9,141,119.428
1945,10,1,GUA,C2',75,81.8,97.783
1946,10,1,GUA,C3',74.2,83.2,91.753
1947,10,1,GUA,C4',83.7,102.8,103.059
1948,10,1,GUA,C5',67.7,76.7,84.808
1949,10,1,GUA,C8,139,151.8,151.977
1950,10,1,GUA,H1,13.01,11.26,11.538
1951,10,1,GUA,H1',5.86,6.14,6.039
1952,10,1,GUA,H2',4.98,5.19,5.116
1953,10,1,GUA,H3',4.46,5.51,5.342
1954,10,1,GUA,H4',4.6,4.59,4.596
1955,10,1,GUA,H5',4.43,4.27,4.253
1956,10,1,GUA,H5'',4.33,4.06,4.073
1957,10,1,GUA,H8,8.17,8.17,8.256
1958,10,1,GUA,N1,148.6,149.7,151.034
1959,10,2,GUA,C1',93,118.7,118.146
1960,10,2,GUA,C2',75.5,81.9,97.841
1961,10,2,GUA,C3',73.4,81.9,96.242
1962,10,2,GUA,C4',82.7,99.7,100.326
1963,10,2,GUA,C5',66.5,84.5,88.399
1964,10,2,GUA,C8,137,147.3,147.876
1965,10,2,GUA,H1,13.41,12.66,12.13
1966,10,2,GUA,H1',5.95,5.95,6.029
1967,10,2,GUA,H2',4.59,4.98,4.936
1968,10,2,GUA,H3',4.65,4.39,4.332
1969,10,2,GUA,H4',4.6,4.62,4.614
1970,10,2,GUA,H5',4.54,4.14,4.058
1971,10,2,GUA,H5'',4.36,4.17,4.053
1972,10,2,GUA,H8,7.72,7.06,6.952
1973,10,2,GUA,N1,149.7,157.1,156.611
1974,10,3,CYT,C1',93.8,139.4,121.046
1975,10,3,CYT,C2',75.3,95.1,95.863
1976,10,3,CYT,C3',72.1,94.1,94.315
1977,10,3,CYT,C4',81.8,100.9,101.771
1978,10,3,CYT,C5,97.6,109.8,110.885
1979,10,3,CYT,C5',64.2,75.6,83.611
1980,10,3,CYT,C6,140.8,156.4,156.469
1981,10,3,CYT,H1',5.57,5.69,5.748
1982,10,3,CYT,H2',4.59,4.72,4.651
1983,10,3,CYT,H3',4.48,4.85,4.807
1984,10,3,CYT,H4',4.49,4.33,4.345
1985,10,3,CYT,H5,5.34,4.56,4.551
1986,10,3,CYT,H5',4.55,4.47,3.961
1987,10,3,CYT,H5'',4.08,3.8,3.872
1988,10,3,CYT,H6,7.75,7.9,7.828
1989,10,4,ADE,C1',93,118.8,117.201
1990,10,4,ADE,C2,153.1,168,168.882
1991,10,4,ADE,C2',75.8,80.3,96.996
1992,10,4,ADE,C3',72.9,77.7,91.516
1993,10,4,ADE,C4',81.9,83.4,101.245
1994,10,4,ADE,C5',65.2,75.8,83.968
1995,10,4,ADE,C8,139.4,153.1,152.743
1996,10,4,ADE,H1',6.01,6.4,6.242
1997,10,4,ADE,H2,7.46,7.31,7.73
1998,10,4,ADE,H2',4.65,4.67,4.762
1999,10,4,ADE,H3',4.67,5.34,5.293
2000,10,4,ADE,H4',4.54,4.61,4.617
2001,10,4,ADE,H5',4.6,4.46,4.417
2002,10,4,ADE,H5'',4.19,4.54,3.872
2003,10,4,ADE,H8,8.11,8.48,8.394
2004,10,5,CYT,C1',93.8,118.9,118.77
2005,10,5,CYT,C2',75.6,81.9,97.246
2006,10,5,CYT,C3',72.1,77.4,92.189
2007,10,5,CYT,C4',81.9,92.9,101.581
2008,10,5,CYT,C5,97.4,105.5,111.636
2009,10,5,CYT,C5',65,75.5,82.393
2010,10,5,CYT,C6,140.3,155.6,155.778
2011,10,5,CYT,H1',5.38,5.86,5.955
2012,10,5,CYT,H2',4.39,4.06,3.979
2013,10,5,CYT,H3',4.17,4.6,4.802
2014,10,5,CYT,H4',4.43,4.23,4.219
2015,10,5,CYT,H5,5.23,4.19,4.15
2016,10,5,CYT,H5',4.47,4.06,4.162
2017,10,5,CYT,H5'',4.06,3.83,3.811
2018,10,5,CYT,H6,7.31,7.69,7.643
2019,10,6,URA,C1',94.5,119,117.203
2020,10,6,URA,C2',76,98.9,99.441
2021,10,6,URA,C3',73.1,89.3,90.757
2022,10,6,URA,C4',82.4,83.1,100.638
2023,10,6,URA,C5,105.1,140.3,124.411
2024,10,6,URA,C5',64.6,77.7,82.9
2025,10,6,URA,C6,140.6,155.1,155.699
2026,10,6,URA,H1',5.67,6.14,6.144
2027,10,6,URA,H2',3.8,4.07,4.034
2028,10,6,URA,H3,11.83,13.01,12.332
2029,10,6,URA,H3',4.56,4.65,4.617
2030,10,6,URA,H4',4.39,4.43,4.273
2031,10,6,URA,H5,5.69,5.57,5.399
2032,10,6,URA,H5',4.53,4.39,4.243
2033,10,6,URA,H5'',4.17,3.65,3.735
2034,10,6,URA,H6,7.77,8.35,8.405
2035,10,6,URA,N3,161,172.9,179.44
2036,10,7,URA,C1',89.3,140.6,121.345
2037,10,7,URA,C2',74.7,94.5,95.797
2038,10,7,URA,C3',77.7,82.7,100.618
2039,10,7,URA,C4',87,75.1,102.202
2040,10,7,URA,C5,105.5,136.2,124.886
2041,10,7,URA,C5',67.8,77.8,82.993
2042,10,7,URA,C6,144.7,158.3,157.569
2043,10,7,URA,H1',6.14,6.02,6.05
2044,10,7,URA,H2',4.7,4.7,4.865
2045,10,7,URA,H3,11.26,8.78,7.547
2046,10,7,URA,H3',4.39,4.17,4.16
2047,10,7,URA,H4',4.51,4.29,4.304
2048,10,7,URA,H5,5.89,5.67,5.723
2049,10,7,URA,H5',4.27,4.17,4.155
2050,10,7,URA,H5'',4.07,4.36,4.3
2051,10,7,URA,H6,8.05,6.89,6.91
2052,10,7,URA,N3,159.5,172.2,174.622
2053,10,8,CYT,C1',89.1,139,120.327
2054,10,8,CYT,C2',77.7,98.6,99.61
2055,10,8,CYT,C3',80.3,82.4,97.052
2056,10,8,CYT,C4',84.5,93,102.446
2057,10,8,CYT,C5,98.6,142.9,111.567
2058,10,8,CYT,C5',67.3,76,84.317
2059,10,8,CYT,C6,142.8,159.9,159.774
2060,10,8,CYT,H1',5.99,6.48,6.459
2061,10,8,CYT,H2',4.14,4.08,3.912
2062,10,8,CYT,H3',4.51,4.17,4.227
2063,10,8,CYT,H4',3.83,4.21,4.191
2064,10,8,CYT,H5,6.14,5.23,5.128
2065,10,8,CYT,H5',3.65,4.53,3.89
2066,10,8,CYT,H5'',2.73,2.73,3.716
2067,10,8,CYT,H6,7.72,7.46,7.495
2068,10,9,GUA,C1',94.5,142.8,113.597
2069,10,9,GUA,C2',77.4,97.6,98.079
2070,10,9,GUA,C3',75.9,98.4,99.143
2071,10,9,GUA,C4',83.2,93.8,96.175
2072,10,9,GUA,C5',69,87,88.538
2073,10,9,GUA,C8,142.9,157,157.014
2074,10,9,GUA,H1,9.96,9.96,9.77
2075,10,9,GUA,H1',6,5.79,5.795
2076,10,9,GUA,H2',4.85,5.38,5.318
2077,10,9,GUA,H3',5.67,5.57,5.336
2078,10,9,GUA,H4',4.45,4.65,4.631
2079,10,9,GUA,H5',4.44,4.47,4.233
2080,10,9,GUA,H5'',4.23,4.42,4.401
2081,10,9,GUA,H8,7.9,7.69,7.808
2082,10,9,GUA,N1,144.4,153.7,154.674
2083,10,10,GUA,C1',93.3,119.3,115.498
2084,10,10,GUA,C2',75.1,93,97.357
2085,10,10,GUA,C3',74.6,94.5,95.765
2086,10,10,GUA,C4',83.1,100.6,101.005
2087,10,10,GUA,C5',69.8,86.1,88.567
2088,10,10,GUA,C8,139,149.3,148.803
2089,10,10,GUA,H1,13.52,13.41,12.72
2090,10,10,GUA,H1',4.47,4.51,4.282
2091,10,10,GUA,H2',4.47,4.6,4.795
2092,10,10,GUA,H3',4.29,4.44,4.242
2093,10,10,GUA,H4',4.42,4.28,4.27
2094,10,10,GUA,H5',4.23,4.43,4.412
2095,10,10,GUA,H5'',4.53,4.09,3.93
2096,10,10,GUA,H8,8.35,6.69,6.946
2097,10,10,GUA,N1,149.3,153.4,154.27
2098,10,11,URA,C1',93.8,137,120.204
2099,10,11,URA,C2',75.4,97.4,98.27
2100,10,11,URA,C3',72.2,93.3,93.266
2101,10,11,URA,C4',81.9,83.7,101.438
2102,10,11,URA,C5,102.8,139,122.527
2103,10,11,URA,C5',64,75.3,83.238
2104,10,11,URA,C6,141.6,156.1,155.757
2105,10,11,URA,H1',5.59,6.01,5.936
2106,10,11,URA,H2',4.72,4.59,4.918
2107,10,11,URA,H3,13.8,11.83,12.05
2108,10,11,URA,H3',4.61,4.6,4.577
2109,10,11,URA,H4',4.43,4.19,4.14
2110,10,11,URA,H5,5.19,5.3,4.927
2111,10,11,URA,H5',4.51,4.51,3.916
2112,10,11,URA,H5'',4.09,4.39,4.371
2113,10,11,URA,H6,7.85,7.79,7.775
2114,10,11,URA,N3,163.6,171.7,180.672
2115,10,12,GUA,C1',92.9,141.6,119.384
2116,10,12,GUA,C2',75.5,93.8,95.943
2117,10,12,GUA,C3',72.9,97.2,97.996
2118,10,12,GUA,C4',81.9,93.8,96.129
2119,10,12,GUA,C5',65.5,75.9,83.124
2120,10,12,GUA,C8,136.2,145.1,146.673
2121,10,12,GUA,H1,12.66,13.52,12.048
2122,10,12,GUA,H1',5.87,5.87,5.82
2123,10,12,GUA,H2',4.6,4.55,4.495
2124,10,12,GUA,H3',4.62,4.45,4.26
2125,10,12,GUA,H4',4.6,4.53,4.503
2126,10,12,GUA,H5',4.56,4.59,4.531
2127,10,12,GUA,H5'',4.17,4.09,4.101
2128,10,12,GUA,H8,7.79,7.18,7.243
2129,10,12,GUA,N1,149.1,158.7,158.177
2130,10,13,CYT,C1',94.1,141.7,119.457
2131,10,13,CYT,C2',75.7,93,96.894
2132,10,13,CYT,C3',72.1,90.9,91.57
2133,10,13,CYT,C4',81.9,75.7,100.967
2134,10,13,CYT,C5,97.2,144.4,111.235
2135,10,13,CYT,C5',64.5,81.9,82.826
2136,10,13,CYT,C6,141,157.1,157.585
2137,10,13,CYT,H1',5.51,5.89,5.873
2138,10,13,CYT,H2',4.28,4.43,4.451
2139,10,13,CYT,H3',4.45,4.6,4.735
2140,10,13,CYT,H4',4.17,4.51,4.48
2141,10,13,CYT,H5,5.3,4.56,4.588
2142,10,13,CYT,H5',4.59,4.45,4.313
2143,10,13,CYT,H5'',4.09,4.51,3.746
2144,10,13,CYT,H6,7.69,7.85,7.899
2145,10,14,CYT,C1',93,140.8,119.769
2146,10,14,CYT,C2',77.8,75.5,101.297
2147,10,14,CYT,C3',69.7,89.1,92.501
2148,10,14,CYT,C4',83.4,75.4,102.789
2149,10,14,CYT,C5,98.4,105.1,111.655
2150,10,14,CYT,C5',65.1,81.9,83
2151,10,14,CYT,C6,141.7,156.3,155.981
2152,10,14,CYT,H1',5.79,6,6.101
2153,10,14,CYT,H2',4.06,4.23,4.185
2154,10,14,CYT,H3',4.21,4.49,4.499
2155,10,14,CYT,H4',4.19,4.47,4.369
2156,10,14,CYT,H5,5.57,4.6,4.818
2157,10,14,CYT,H5',4.51,4.48,4.325
2158,10,14,CYT,H5'',4.06,4.54,3.832
2159,10,14,CYT,H6,7.69,8.05,8
2160,11,1,GUA,C1',90.9,140.3,120.169
2161,11,1,GUA,C2',75,81.8,97.907
2162,11,1,GUA,C3',74.2,83.1,91.049
2163,11,1,GUA,C4',83.7,102.8,102.485
2164,11,1,GUA,C5',67.7,75.6,84.956
2165,11,1,GUA,C8,139,151.8,151.387
2166,11,1,GUA,H1,13.01,11.26,11.681
2167,11,1,GUA,H1',5.86,6.14,5.98
2168,11,1,GUA,H2',4.98,4.98,4.911
2169,11,1,GUA,H3',4.46,5.19,5.169
2170,11,1,GUA,H4',4.6,4.56,4.549
2171,11,1,GUA,H5',4.43,4.14,4.205
2172,11,1,GUA,H5'',4.33,4.06,4.029
2173,11,1,GUA,H8,8.17,8.05,7.907
2174,11,1,GUA,N1,148.6,153.7,153.673
2175,11,2,GUA,C1',93,118.7,117.773
2176,11,2,GUA,C2',75.5,89.1,96.882
2177,11,2,GUA,C3',73.4,90.9,91.571
2178,11,2,GUA,C4',82.7,100.9,101.394
2179,11,2,GUA,C5',66.5,76,83.482
2180,11,2,GUA,C8,137,148.1,148.116
2181,11,2,GUA,H1,13.41,12.66,12.024
2182,11,2,GUA,H1',5.95,6.02,6.014
2183,11,2,GUA,H2',4.59,4.54,4.527
2184,11,2,GUA,H3',4.65,4.72,4.884
2185,11,2,GUA,H4',4.6,4.53,4.517
2186,11,2,GUA,H5',4.54,4.39,4.295
2187,11,2,GUA,H5'',4.36,3.8,3.821
2188,11,2,GUA,H8,7.72,7.46,7.462
2189,11,2,GUA,N1,149.7,158.3,157.107
2190,11,3,CYT,C1',93.8,141.6,119.243
2191,11,3,CYT,C2',75.3,95.1,96.279
2192,11,3,CYT,C3',72.1,75.5,91.489
2193,11,3,CYT,C4',81.8,100.6,101.075
2194,11,3,CYT,C5,97.6,109.8,111.584
2195,11,3,CYT,C5',64.2,75.9,82.485
2196,11,3,CYT,C6,140.8,155.1,154.939
2197,11,3,CYT,H1',5.57,5.67,5.645
2198,11,3,CYT,H2',4.59,4.62,4.587
2199,11,3,CYT,H3',4.48,4.85,4.847
2200,11,3,CYT,H4',4.49,4.46,4.405
2201,11,3,CYT,H5,5.34,4.51,4.518
2202,11,3,CYT,H5',4.55,4.33,4.318
2203,11,3,CYT,H5'',4.08,4.17,3.867
2204,11,3,CYT,H6,7.75,7.69,7.732
2205,11,4,ADE,C1',93,118.8,117.553
2206,11,4,ADE,C2,153.1,168,167.183
2207,11,4,ADE,C2',75.8,97.6,97.607
2208,11,4,ADE,C3',72.9,75.7,91.511
2209,11,4,ADE,C4',81.9,75.3,102.666
2210,11,4,ADE,C5',65.2,75.5,82.821
2211,11,4,ADE,C8,139.4,151.9,151.417
2212,11,4,ADE,H1',6.01,6.4,6.331
2213,11,4,ADE,H2,7.46,7.79,7.613
2214,11,4,ADE,H2',4.65,4.67,4.605
2215,11,4,ADE,H3',4.67,5.3,5.164
2216,11,4,ADE,H4',4.54,4.48,4.476
2217,11,4,ADE,H5',4.6,4.45,4.386
2218,11,4,ADE,H5'',4.19,4.06,3.886
2219,11,4,ADE,H8,8.11,8.48,8.363
2220,11,5,CYT,C1',93.8,139.4,120.537
2221,11,5,CYT,C2',75.6,97.4,97.416
2222,11,5,CYT,C3',72.1,94.5,94.332
2223,11,5,CYT,C4',81.9,99.7,101.037
2224,11,5,CYT,C5,97.4,144.4,112.754
2225,11,5,CYT,C5',65,75.4,83.732
2226,11,5,CYT,C6,140.3,157.1,157.341
2227,11,5,CYT,H1',5.38,5.86,5.941
2228,11,5,CYT,H2',4.39,4.59,4.845
2229,11,5,CYT,H3',4.17,4.36,4.318
2230,11,5,CYT,H4',4.43,4.21,4.189
2231,11,5,CYT,H5,5.23,4.19,3.873
2232,11,5,CYT,H5',4.47,4.23,3.9
2233,11,5,CYT,H5'',4.06,4.06,3.972
2234,11,5,CYT,H6,7.31,7.69,7.642
2235,11,6,URA,C1',94.5,118.9,119.015
2236,11,6,URA,C2',76,77.4,96.232
2237,11,6,URA,C3',73.1,83.2,91.799
2238,11,6,URA,C4',82.4,83.7,101.467
2239,11,6,URA,C5,105.1,137,124.023
2240,11,6,URA,C5',64.6,77.7,82.791
2241,11,6,URA,C6,140.6,156.4,156.667
2242,11,6,URA,H1',5.67,5.79,5.74
2243,11,6,URA,H2',3.8,4.7,4.724
2244,11,6,URA,H3,11.83,6.69,7.2
2245,11,6,URA,H3',4.56,4.6,4.926
2246,11,6,URA,H4',4.39,4.55,4.539
2247,11,6,URA,H5,5.69,5.89,5.926
2248,11,6,URA,H5',4.53,4.17,4.106
2249,11,6,URA,H5'',4.17,4.07,3.978
2250,11,6,URA,H6,7.77,7.9,7.903
2251,11,6,URA,N3,161,172.9,174.361
2252,11,7,URA,C1',89.3,139,123.035
2253,11,7,URA,C2',74.7,82.4,98.531
2254,11,7,URA,C3',77.7,76.7,94.779
2255,11,7,URA,C4',87,105.1,104.544
2256,11,7,URA,C5,105.5,136.2,127.49
2257,11,7,URA,C5',67.8,77.7,90.174
2258,11,7,URA,C6,144.7,159.9,159.735
2259,11,7,URA,H1',6.14,5.95,6.033
2260,11,7,URA,H2',4.7,4.59,4.924
2261,11,7,URA,H3,11.26,8.78,7.955
2262,11,7,URA,H3',4.39,3.83,3.762
2263,11,7,URA,H4',4.51,4.39,4.324
2264,11,7,URA,H5,5.89,6.01,6.02
2265,11,7,URA,H5',4.27,3.65,3.734
2266,11,7,URA,H5'',4.07,4.6,4.583
2267,11,7,URA,H6,8.05,8.67,8.66
2268,11,7,URA,N3,159.5,172.2,177.392
2269,11,8,CYT,C1',89.1,119,116.006
2270,11,8,CYT,C2',77.7,94.5,95.517
2271,11,8,CYT,C3',80.3,93.8,95.585
2272,11,8,CYT,C4',84.5,81.9,97.791
2273,11,8,CYT,C5,98.6,105.5,109.017
2274,11,8,CYT,C5',67.3,81.9,90.609
2275,11,8,CYT,C6,142.8,163.6,162.934
2276,11,8,CYT,H1',5.99,6.14,6.183
2277,11,8,CYT,H2',4.14,4.42,4.373
2278,11,8,CYT,H3',4.51,4.47,3.677
2279,11,8,CYT,H4',3.83,2.73,2.729
2280,11,8,CYT,H5,6.14,5.51,5.24
2281,11,8,CYT,H5',3.65,4.47,3.668
2282,11,8,CYT,H5'',2.73,4.51,3.181
2283,11,8,CYT,H6,7.72,7.18,7.237
2284,11,9,GUA,C1',94.5,142.8,114.054
2285,11,9,GUA,C2',77.4,98.4,98.43
2286,11,9,GUA,C3',75.9,94.1,94.704
2287,11,9,GUA,C4',83.2,75.8,102.102
2288,11,9,GUA,C5',69,87,88.713
2289,11,9,GUA,C8,142.9,152.7,152.349
2290,11,9,GUA,H1,9.96,5.59,5.451
2291,11,9,GUA,H1',6,5.99,6.092
2292,11,9,GUA,H2',4.85,5.23,5.098
2293,11,9,GUA,H3',5.67,4.65,4.809
2294,11,9,GUA,H4',4.45,4.43,4.415
2295,11,9,GUA,H5',4.44,4.43,4.346
2296,11,9,GUA,H5'',4.23,4.29,4.277
2297,11,9,GUA,H8,7.9,7.31,7.362
2298,11,9,GUA,N1,144.4,149.7,149.04
2299,11,10,GUA,C1',93.3,119.3,117.548
2300,11,10,GUA,C2',75.1,93.8,96.615
2301,11,10,GUA,C3',74.6,84.5,92.056
2302,11,10,GUA,C4',83.1,92.9,102.518
2303,11,10,GUA,C5',69.8,80.3,81.649
2304,11,10,GUA,C8,139,149.3,149.753
2305,11,10,GUA,H1,13.52,13.01,12.627
2306,11,10,GUA,H1',4.47,5.57,5.511
2307,11,10,GUA,H2',4.47,4.6,4.678
2308,11,10,GUA,H3',4.29,5.38,5.113
2309,11,10,GUA,H4',4.42,4.27,4.218
2310,11,10,GUA,H5',4.23,4.08,4.064
2311,11,10,GUA,H5'',4.53,4.19,3.925
2312,11,10,GUA,H8,8.35,8.17,8.181
2313,11,10,GUA,N1,149.3,153.1,153.273
2314,11,11,URA,C1',93.8,141,119.715
2315,11,11,URA,C2',75.4,93.8,96.457
2316,11,11,URA,C3',72.2,81.9,91.323
2317,11,11,URA,C4',81.9,98.6,101.441
2318,11,11,URA,C5,102.8,139,120.933
2319,11,11,URA,C5',64,77.8,81.689
2320,11,11,URA,C6,141.6,156.1,155.838
2321,11,11,URA,H1',5.59,5.69,5.699
2322,11,11,URA,H2',4.72,4.61,4.692
2323,11,11,URA,H3,13.8,13.8,12.791
2324,11,11,URA,H3',4.61,4.6,4.882
2325,11,11,URA,H4',4.43,4.44,4.435
2326,11,11,URA,H5,5.19,4.59,4.778
2327,11,11,URA,H5',4.51,4.45,4.34
2328,11,11,URA,H5'',4.09,4.09,3.922
2329,11,11,URA,H6,7.85,8.11,8.02
2330,11,11,URA,N3,163.6,171.7,181.32
2331,11,12,GUA,C1',92.9,141.7,116.716
2332,11,12,GUA,C2',75.5,93,97.547
2333,11,12,GUA,C3',72.9,82.7,91.846
2334,11,12,GUA,C4',81.9,93.3,102.184
2335,11,12,GUA,C5',65.5,81.9,83.53
2336,11,12,GUA,C8,136.2,147.3,147.214
2337,11,12,GUA,H1,12.66,11.83,11.754
2338,11,12,GUA,H1',5.87,6,6.125
2339,11,12,GUA,H2',4.6,4.6,4.692
2340,11,12,GUA,H3',4.62,5.57,5.031
2341,11,12,GUA,H4',4.6,4.39,4.42
2342,11,12,GUA,H5',4.56,4.23,4.225
2343,11,12,GUA,H5'',4.17,4.17,3.816
2344,11,12,GUA,H8,7.79,8.15,7.997
2345,11,12,GUA,N1,149.1,156.1,156.221
2346,11,13,CYT,C1',94.1,140.6,119.666
2347,11,13,CYT,C2',75.7,97.2,97.483
2348,11,13,CYT,C3',72.1,86.1,91.876
2349,11,13,CYT,C4',81.9,98.9,100.694
2350,11,13,CYT,C5,97.2,144.7,111.916
2351,11,13,CYT,C5',64.5,81.9,82.629
2352,11,13,CYT,C6,141,153.4,154.541
2353,11,13,CYT,H1',5.51,5.87,5.787
2354,11,13,CYT,H2',4.28,4.56,4.517
2355,11,13,CYT,H3',4.45,4.53,4.558
2356,11,13,CYT,H4',4.17,4.49,4.45
2357,11,13,CYT,H5,5.3,4.65,4.579
2358,11,13,CYT,H5',4.59,4.28,4.329
2359,11,13,CYT,H5'',4.09,4.47,3.756
2360,11,13,CYT,H6,7.69,7.72,7.72
2361,11,14,CYT,C1',93,140.8,119.457
2362,11,14,CYT,C2',77.8,93,102.147
2363,11,14,CYT,C3',69.7,89.3,92.024
2364,11,14,CYT,C4',83.4,93,102.442
2365,11,14,CYT,C5,98.4,142.9,113.481
2366,11,14,CYT,C5',65.1,83.4,83.215
2367,11,14,CYT,C6,141.7,155.6,155.473
2368,11,14,CYT,H1',5.79,6.48,6.18
2369,11,14,CYT,H2',4.06,4.17,4.068
2370,11,14,CYT,H3',4.21,4.51,4.538
2371,11,14,CYT,H4',4.19,4.51,4.43
2372,11,14,CYT,H5,5.57,5.34,5.012
2373,11,14,CYT,H5',4.51,4.43,4.346
2374,11,14,CYT,H5'',4.06,4.09,3.853
2375,11,14,CYT,H6,7.69,7.85,7.848
